uri,text,author_handle,like_count,reply_count,repost_count,category,created_at,search_term,metric
at://did:plc:az4ntj4224lyl7kphcrlocqt/app.bsky.feed.post/3mkprymfm522t,"""Why are all the journalists laid off now"" this is why. Pretty simple.",hamiltonnolan.bsky.social,3749,61,1208,LEVEL_2_STRUGGLING,2026-04-30T14:07:46.939Z,laid off,layoff_watch
at://did:plc:2wyqv44lm72vasmddeqjgy72/app.bsky.feed.post/3mkxgcpfwrk23,URL: x.com/siobhan_ogra...,clancyny.bsky.social,43,1,8,LEVEL_1_AWARE,2026-05-03T14:59:58.646Z,laid off,layoff_watch
at://did:plc:y2uh45d4jpqfyxzwx3v2wmmd/app.bsky.feed.post/3mktekqos2s2y,Candace Owens says that the Daily Wire laid off more than half of its staff today:,michaelehayden.bsky.social,1149,72,116,LEVEL_2_STRUGGLING,2026-05-02T00:18:01.978Z,laid off,layoff_watch
at://did:plc:bgwoouqx463ponaj5f4wy5y2/app.bsky.feed.post/3mkuolqfi6c2i,"airline employees: *crying as they’re being laid off*

airline ceo: that’s the spirit !",kattsdogma.bsky.social,90,1,18,LEVEL_2_STRUGGLING,2026-05-02T12:50:12.389Z,laid off,layoff_watch
at://did:plc:nhqvuggd6ebasluetrqfab6n/app.bsky.feed.post/3mkymz65lq22m,"a huge part of the business sense for this deal comes from administrative layoffs, which would number in the THOUSANDS, and if I was one of those laid off workers and saw my former boss get a $35 billion payday BECAUSE HE LAID ME OFF, i would start learning how to make molotov cocktails",lukeplunkett.com,138,0,5,LEVEL_2_STRUGGLING,2026-05-04T02:32:34.488Z,laid off,layoff_watch
at://did:plc:lfgjxeg7f7w6ryjfbomhcbsi/app.bsky.feed.post/3mksvt4dj2o2y,So apparently The Daily Wire laid off half its staff today. It comes as Ben Shapiro and other MAGA influencers have seen huge losses in engagement and audience retention.,mikenellis.bsky.social,557,39,108,LEVEL_2_STRUGGLING,2026-05-01T19:54:16.309Z,laid off,layoff_watch
at://did:plc:txdrfhrkdpcdq2taygu4gapv/app.bsky.feed.post/3mks6so744k2z,"I find it very amusing that I, a laid-off trans woman who writes books about queer magical girls, has sold more books than Tucker Carlson has total lifetime subscribers.",magicariot.com,651,4,143,LEVEL_1_AWARE,2026-05-01T13:02:25.619Z,laid off,layoff_watch
at://did:plc:zloozcmsa6yexdnohjpxia2a/app.bsky.feed.post/3mkr7bijrbk2y,"Being laid off with hundreds of WaPo colleagues sure does make a person think 

I've thought, for instance, it sure is lucky no one in charge over there puts ideology over free speech",lililoofbourow.bsky.social,679,8,93,LEVEL_2_STRUGGLING,2026-05-01T03:38:03.254Z,laid off,layoff_watch
at://did:plc:nkajzwewv4unogker7zdtjt5/app.bsky.feed.post/3mkvw7pux3s2w,And with this I bid you adieu.,liberallibrarian.bsky.social,591,2,151,LEVEL_1_AWARE,2026-05-03T00:39:18.867Z,laid off,layoff_watch
at://did:plc:3yj7dpxtulp3zskzm5rkxtxq/app.bsky.feed.post/3mkupoflpm22u,"The Onion owns InfoWars.
Daily Wire laid off a bunch of staff.
Tucker Carlson is imploding.
MAGA is fighting each other.

Nature is healing.",nerdysasquatch.bsky.social,61,2,20,LEVEL_2_STRUGGLING,2026-05-02T13:09:35.464Z,laid off,layoff_watch
at://did:plc:eztpytjgktizvzoddfmqmhf4/app.bsky.feed.post/3mky2lsjmts2p,"oh hey, today marks exactly 15 months since I was laid off",infinitefinite.blog,20,5,3,LEVEL_2_STRUGGLING,2026-05-03T21:02:58.740Z,laid off,layoff_watch
at://did:plc:gt3unljcqhimumy5zgosk3gv/app.bsky.feed.post/3mkvx6gefls2f,"It's fair to say that MxM have been the most pleasantly surprising AEW signings, especially among laid off WWE talent, right? 

We knew Mansoor was good, but Madden improved tremendously outside of the WWE system and the gimmick has clicked far better than anyone could've expected. #AEWCollision",davidbix.bsky.social,206,10,10,LEVEL_2_STRUGGLING,2026-05-03T00:56:29.076Z,laid off,layoff_watch
at://did:plc:pen6g4gaisumaynbdlqkgkdt/app.bsky.feed.post/3mkvgxpg7ac2w,"Hmmm, wasn't John McGuirk laid off from Grift Media the day after the Hungarian election results were announced?",paulduane.bsky.social,22,3,4,LEVEL_2_STRUGGLING,2026-05-02T20:06:23.821Z,laid off,layoff_watch
at://did:plc:nhlzen27orq2arjcu4wh6i62/app.bsky.feed.post/3mkxgfjzjv22v,All by laid off reporters. They also laid off the editors working on them so it took a while for them the run.,gregjaffe.bsky.social,9,0,1,LEVEL_2_STRUGGLING,2026-05-03T15:01:33.661Z,laid off,layoff_watch
at://did:plc:zkg6hgy5ckr3432sexdfju5y/app.bsky.feed.post/3mktb6exrq22v,eagerly awaiting the posts like “well guys we had a good run but unfortunately I’ve been laid off as the Phrenology Reporter at Daily Wire after five years. Open to any opportunities in the field of race science and genocide denial. Samples at request’ Love y’all!”,requiemarm.bsky.social,269,4,55,LEVEL_2_STRUGGLING,2026-05-01T23:17:25.816Z,laid off,layoff_watch
at://did:plc:blqiz2oshcyeeqptyh22kyle/app.bsky.feed.post/3mkyausee2s23,I mean the entire ad was Mitt Romney Laid Off Your Uncle and shit HIT,reginageorgebush.bsky.social,26,1,2,LEVEL_2_STRUGGLING,2026-05-03T22:55:23.008Z,laid off,layoff_watch
at://did:plc:jjev6dxwot4y5faki24sqocq/app.bsky.feed.post/3mktnkg6pqs2z,"Even then, they got their law passed and only laid off 20%",spocksbrian.worstpossible.world,18,0,0,LEVEL_2_STRUGGLING,2026-05-02T02:58:54.648Z,laid off,layoff_watch
at://did:plc:rsqkyqrhivo64xonbittbthn/app.bsky.feed.post/3mksnbzqhgs23,"“One laid-off senior manager of software development, who asked to remain anonymous, told TIME that [Oracle’s] AI mandates often resulted in junior engineers using AI to write a lot of faulty code, which then required senior engineers to spend their time fixing it.”

time.com/article/2026...",amanbatheja.bsky.social,222,11,84,LEVEL_1_AWARE,2026-05-01T17:21:33.423Z,laid off,layoff_watch
at://did:plc:kyokzynodapzgnu3wc6zrefk/app.bsky.feed.post/3mko24l5kcs2s,if i get laid off should i just go all in on porn,daybear.bsky.social,68,11,0,LEVEL_2_STRUGGLING,2026-04-29T21:27:50.304Z,laid off,layoff_watch
at://did:plc:rjmjkblu6mbdmufkfyqoslu6/app.bsky.feed.post/3mkxbwqt7ic2b,"Ford flew on the OPP jet to Michigan to accept an honorary LHD despite being a college drop out. 
Meanwhile in Ontario over 10K post secondary staff have been laid off, programs ended, full campus buildings are being shut down, & Ontario students are having OSAP gutted. 
What an absolute clown.",canadian-critic.bsky.social,83,8,51,LEVEL_2_STRUGGLING,2026-05-03T13:41:42.510Z,laid off,layoff_watch
at://did:plc:tisnovpwy3ztph4zmycefmjb/app.bsky.feed.post/3mkxg6wpzxy2h,"hi! it's me, anna anthropy. i wrote Rise of the Video Game Zinesters, popularized twine games, created dys4ia. after nine years of teaching game design i was laid off because of my disability, and have been unemployed for almost a year. you can buy my new self-published zine, Shareware Made Me Trans",cyborgurl.bsky.social,91,0,51,LEVEL_2_STRUGGLING,2026-05-03T14:57:50.087Z,laid off,layoff_watch
at://did:plc:o7ckhwy45pg64nl3oxe3dkxw/app.bsky.feed.post/3mksbpqrrhc24,"Well, my turn to make one of these posts. Yesterday was my last day at The A.V. Club. I got laid off and the site’s Games section is basically gone. It was a pleasure working with Garrett and our freelancers. If anyone has opportunities for games/TV/film journalism or consulting please let me know.",elijahgonzalez.bsky.social,270,42,87,LEVEL_2_STRUGGLING,2026-05-01T13:54:28.889Z,laid off,layoff_watch
at://did:plc:fk7hspsjqt36hzlwv6wiu46e/app.bsky.feed.post/3mkv3rhigrs2l,"And then Meta laid off 8,000 workers",bkajess.bsky.social,8,0,1,LEVEL_2_STRUGGLING,2026-05-02T16:46:03.020Z,laid off,layoff_watch
at://did:plc:pn2ix2pno3kndzkgcosat55i/app.bsky.feed.post/3mkvgepwjvk2b,Hard to build things when supplied components and materials costs are through the roof and you have to jack up prices (and there are fewer paying customers as hundreds of thousands of government employees were laid off and AI is hollowing out entire industries),ben-wojdyla.bsky.social,58,3,6,LEVEL_2_STRUGGLING,2026-05-02T19:55:46.822Z,laid off,layoff_watch
at://did:plc:uarqkku2nrjcozstgpjvwmod/app.bsky.feed.post/3mktqt2njwc2b,the thing about feeling bad for the people laid off from the daily wire is that fuck em,ultralaser.bsky.social,17,1,1,LEVEL_2_STRUGGLING,2026-05-02T03:57:25.766Z,laid off,layoff_watch
at://did:plc:3ulgsh4znseqglkyxtjq6l26/app.bsky.feed.post/3mkwli4lpwk2a,Oh my God the AI's are finally getting laid off,bearfucker.bsky.social,20,0,3,LEVEL_2_STRUGGLING,2026-05-03T06:59:49.211Z,laid off,layoff_watch
at://did:plc:nhlzen27orq2arjcu4wh6i62/app.bsky.feed.post/3mkxgj5ksf22v,"Accidentally deleted this terrific piece from one of the Post’s laid off metro reporters, now with the Philadelphia Inquirer. Same photographer from the Ukraine piece.

wapo.st/4eYhTwe",gregjaffe.bsky.social,15,0,5,LEVEL_2_STRUGGLING,2026-05-03T15:03:34.813Z,laid off,layoff_watch
at://did:plc:ygprjyphkmoefvtbrhtfr44a/app.bsky.feed.post/3mkvndhd62c2i,As much as I wish Matt Walsh was laid off I doubt he was on the chopping block.,lordaslan.bsky.social,18,0,1,LEVEL_2_STRUGGLING,2026-05-02T22:00:18.303Z,laid off,layoff_watch
at://did:plc:eg5imfiwub3vipiidvl6rjii/app.bsky.feed.post/3mkl4mt67qc2e,"I got laid off from my job yesterday so today I bought a bike. 

It makes sense in my head nobody scold me! #turmoiltuesday #bike",kpyonce.bsky.social,850,91,35,LEVEL_2_STRUGGLING,2026-04-28T17:34:43.848Z,laid off,layoff_watch
at://did:plc:ci2ozeoflghwjzufs6sqcj6f/app.bsky.feed.post/3mks6vdeg3c2d,"Thinking of my Polygon pals, the soul of that site, who were laid off a year ago on May Day",cameronfaulkner.bsky.social,17,0,0,LEVEL_2_STRUGGLING,2026-05-01T13:03:54.921Z,laid off,layoff_watch
at://did:plc:alhv6cq23lxwyoa3nmtl4vky/app.bsky.feed.post/3mksjnqh7tc27,Blaming laid off workers for not using AI well 🤔,donnerkay.bsky.social,10,0,4,LEVEL_2_STRUGGLING,2026-05-01T16:16:31.370Z,laid off,layoff_watch
at://did:plc:yxuertrelafprdsqeourkub3/app.bsky.feed.post/3mkvnfmbgn22g,"A lot of companies can't get things done anymore because they laid off the people who knew which coworkers and freelancers and contractors could be relied upon to get things done. After all, that was not in their job description, so no value was placed on it",darklock.com,40,0,16,LEVEL_2_STRUGGLING,2026-05-02T22:01:32.732Z,laid off,layoff_watch
at://did:plc:fieisriaisds3gpneglwej7s/app.bsky.feed.post/3mksoirofrk2o,"It’s been a year since I was laid off from Vox Media, along with most of the Polygon team. I really miss the great people I worked with, but I’m proud of what I’ve done in the past year.",petevolk.bsky.social,72,1,9,LEVEL_2_STRUGGLING,2026-05-01T17:43:13.590Z,laid off,layoff_watch
at://did:plc:xca5awzxn7h4wvqnjxenonat/app.bsky.feed.post/3mkuxqouwus2i,I cannot overstate how critical this is. The pace at which these journalists are either being laid off or leaving for their own mental health should be at the forefront of every single journalism convention this year. This is a crisis that directly impacts our ability to cover fact-based news.,katstafford.bsky.social,60,1,11,LEVEL_2_STRUGGLING,2026-05-02T15:34:02.247Z,laid off,layoff_watch
at://did:plc:gvda6fem6r7selm4gzjjww4a/app.bsky.feed.post/3mkthat36as22,"Farris Wilks is a petro-billionaire Christian Zionist pastor.

His church is called the Assembly of Yahweh and “combines political Christianity, messianic Judaism and ‘the morality of the market.’”

He was a funder of Ben Shapiro and the Daily Wire, which reportedly laid off half its staff today.",leahmcelrath.bsky.social,69,2,18,LEVEL_2_STRUGGLING,2026-05-02T01:06:10.166Z,laid off,layoff_watch
at://did:plc:nh4drc5v7yg3kxhnw4wifocp/app.bsky.feed.post/3mkpbod3nhs2t,"“𝙄𝙩’𝙨 𝙗𝙚𝙚𝙣 𝙧𝙤𝙪𝙜𝙝, 𝙗𝙧𝙤! 𝘼𝙡𝙡 𝙩𝙝𝙚 𝙜𝙪𝙮𝙨 𝙖𝙧𝙚 𝙩𝙖𝙡𝙠𝙞𝙣𝙜 𝙖𝙗𝙤𝙪𝙩 𝙛*𝙘𝙠𝙞𝙣𝙜 𝙩𝙝𝙚𝙞𝙧 𝙜𝙞𝙧𝙡𝙛𝙧𝙞𝙚𝙣𝙙𝙨. 𝙄 𝙝𝙖𝙫𝙚𝙣’𝙩 𝙜𝙤𝙩𝙩𝙚𝙣 𝙡𝙖𝙞𝙙 𝙞𝙣 𝙢𝙤𝙣𝙩𝙝𝙨! 𝘼𝙡𝙡 𝙄 𝙙𝙤 𝙞𝙨 𝙟𝙖𝙘𝙠 𝙤𝙛𝙛…”

“6 𝙢𝙤𝙣𝙩𝙝𝙨 𝙤𝙛 𝙟𝙪𝙨𝙩 𝙟𝙖𝙘𝙠𝙞𝙣𝙜 𝙤𝙛𝙛?”

“𝙔𝙚𝙖𝙝, 𝙗𝙧𝙤, 𝙄’𝙙 𝙡𝙚𝙩 𝙖 𝙙𝙪𝙙𝙚 𝙗𝙡𝙤𝙬 𝙢𝙚 𝙖𝙩 𝙩𝙝𝙞𝙨 𝙥𝙤𝙞𝙣𝙩!”

“𝘼𝙧𝙚 𝙮𝙤𝙪 𝙝𝙖𝙧𝙙 𝙧𝙞𝙜𝙝𝙩 𝙣𝙤𝙬?”

“𝙒𝙚𝙡𝙡, 𝙮𝙚𝙖𝙝… 𝙗𝙚𝙘𝙖𝙪𝙨𝙚 𝙄’𝙢 𝙩𝙖𝙡𝙠𝙞𝙣𝙜 𝙖𝙗𝙤𝙪𝙩 𝙥*𝙨𝙨𝙮…”",gooooonbro.bsky.social,168,0,38,LEVEL_1_AWARE,2026-04-30T09:15:41.763Z,laid off,layoff_watch
at://did:plc:sulkvljcxyieg7v7rwbkqvfu/app.bsky.feed.post/3mksmx6mgfs2l,"Finished YCH for Kibera~ on FA!

#furry #anthro #ychcomm",dansharkman.bsky.social,72,1,11,LEVEL_1_AWARE,2026-05-01T17:15:29.429Z,laid off,layoff_watch
at://did:plc:d36vf56l7hexxg6ryfgcju53/app.bsky.feed.post/3mkplep5ryk2x,"I got laid off a year ago today.

This week, I was cited by TMZ, New York Mag, the New York Post, the New York Times, the Daily Mail, Jim Rome, Pablo Torre, Fox Sports, Front Office Sports, Perez Hilton, and both Barstool and Outkick (lol)

I think things are gonna be OK. 

FOIAball forever.",foiaball.com,317,11,10,LEVEL_2_STRUGGLING,2026-04-30T12:09:16.288Z,laid off,layoff_watch
at://did:plc:qsqn677k5r44eutempfojcuw/app.bsky.feed.post/3mkt5qbzhok2z,"if you were recently laid off from the daily wire but still have your daily wire+ subscription or some other access to this film, I need your help.",staidindoors.bsky.social,34,1,5,LEVEL_2_STRUGGLING,2026-05-01T22:15:51.711Z,laid off,layoff_watch
at://did:plc:v7arrl47scijs4bnvdguzag5/app.bsky.feed.post/3mkprbhvvgs2h,"Heyuannia.
Oviraptorid that may have laid teal eggs.
Markings based off the green cheek conure. 
#paleoart #dinosaurart #dinosaur #digitalart",hybridfauna.bsky.social,35,2,13,LEVEL_1_AWARE,2026-04-30T13:54:50.472Z,laid off,layoff_watch
at://did:plc:u5wpkce2wir7ch4n7dvwfvst/app.bsky.feed.post/3mkyoydzl5c2p,"face covered and burning, you hear the bathroom door open again, and a scoffed giggle. there’s no way they didn’t notice. you’re legs spread and getting jacked off on an open diaper, stuffer has been laid across your tummy to make sure there’s absolutely no mess.",fenn.ink,24,1,0,LEVEL_1_AWARE,2026-05-04T03:07:54.563Z,laid off,layoff_watch
at://did:plc:alymxulxdjtcw54ly4susoou/app.bsky.feed.post/3mkv5sojqo22t,"somebody was unironically suggesting to use bryce 3d instead and that is genuinely one of the most baffling things ive ever heard. yea sorry your construction job laid you off, how about playing toys in the sandbox instead",tetrabunz.bsky.social,42,3,0,LEVEL_1_AWARE,2026-05-02T17:22:31.441Z,laid off,layoff_watch
at://did:plc:v7snzinjqh4e4faevo424ess/app.bsky.feed.post/3mkyu5bqf322s,My kids attend an unusually well-funded public school and our PTA is fronting the district tens of thousands of dollars so longtime staff members don't get laid off this summer and they're talking about charging kids to ride the school bus so maybe we can take care of that first?,meganwachspress.bsky.social,26,1,3,LEVEL_2_STRUGGLING,2026-05-04T04:40:08.660Z,laid off,layoff_watch
at://did:plc:svihkbezxwxdtnyyfkm5eb3s/app.bsky.feed.post/3mkw7c3dff22g,"When Amazon laid off 92,000 people I did not speak out.

But when Spirit went out of business and I could attempt to blame antitrust law, I was ALL IN and outraged at the loss of employment.  

#Satire",lawprofblawg.bsky.social,23,0,1,LEVEL_2_STRUGGLING,2026-05-03T03:21:41.661Z,laid off,layoff_watch
at://did:plc:jgmmzknzx57o4n3xeik5dppi/app.bsky.feed.post/3mkxqzvlb2k25,We sold to a private equity firm 😜 and laid off workers ✌️ and now we’re using gen-ai for reasons we can’t actually explain 🤩 we’re a tech company in the fiber hardware space 🤭,diveamydive.bsky.social,23,1,1,LEVEL_2_STRUGGLING,2026-05-03T18:11:54.282Z,laid off,layoff_watch
at://did:plc:z4lwuvzf3242dub44d4qyton/app.bsky.feed.post/3mktdzcthus2r,"One irritating things about general media is when they do AI analysis there’s just this, “we’re going to lose our jobs and then the companies that laid us off won’t have consumers with money to keep them going!”

But zero conversation about whether that’s a good thing. We’re so capitalist brained.",moistenedtart.bsky.social,43,0,11,LEVEL_1_AWARE,2026-05-02T00:08:17.031Z,laid off,layoff_watch
at://did:plc:lghbpfpo5uxdtm3gd6re3wco/app.bsky.feed.post/3mkssuo7gjk2s,"Mikey’s college roommate is out of the house this weekend, so… might as well take advantage of that, right? 👀",tennet.bsky.social,842,18,139,LEVEL_1_AWARE,2026-05-01T19:01:27.572Z,laid off,layoff_watch
at://did:plc:eeuep4abad6zsg2ukvfgcbdi/app.bsky.feed.post/3mktfzitsjc2r,Need to find out if Matt Walsh was laid off lol,kellybdevoe.bsky.social,5,2,1,LEVEL_2_STRUGGLING,2026-05-02T00:44:10.818Z,laid off,layoff_watch
at://did:plc:vyojjljr7gki7dmv4e7sssw7/app.bsky.feed.post/3mkxrw3hr6s2k,They also decimated the food inspection agency resulting in many food contamination episodes. Remember those meat packing plants in Alberta? Also laid off hundreds of scientists in the NRC. Trudeau reversed most of this in his 1st term when he was less focussed on virtue signaling.,jasdmw.bsky.social,21,1,8,LEVEL_2_STRUGGLING,2026-05-03T18:27:39.983Z,laid off,layoff_watch
at://did:plc:mdivtinxejsqcjqwseqykpyj/app.bsky.feed.post/3mksdf4hxic2c,Report: VR specialist Survios has laid off the majority of its development team,gamedeveloper.bsky.social,7,1,0,LEVEL_2_STRUGGLING,2026-05-01T14:24:19Z,laid off,layoff_watch
at://did:plc:5psz5hrdipj4psiplmhjmwlu/app.bsky.feed.post/3mks563b6wc2t,"Today, May 1st, marks one year since my colleagues and I were laid off, which means it's also one year since my wife and I learned we were expecting our first child.

Happy International Worker's Day.

Join a union.",thesaintoftous.bsky.social,24,0,0,LEVEL_2_STRUGGLING,2026-05-01T12:33:00.933Z,laid off,layoff_watch
at://did:plc:jkrvl46ja7iertyhuwc23qmr/app.bsky.feed.post/3mkuuoxiljc2y,"Also, not really a hot take but hundreds of devs being laid off after a game is successful is so mind blowingly evil I don’t know how that’s allowed to happen.",juxtaposedpunk.bsky.social,11,1,2,LEVEL_2_STRUGGLING,2026-05-02T14:39:22.946Z,laid off,layoff_watch
at://did:plc:5cgxx54f7lytwpql6qgidf2o/app.bsky.feed.post/3mkux77buj22g,I say this as the recently laid-off mom of a HS junior.,rubizza.bsky.social,9,0,0,LEVEL_1_AWARE,2026-05-02T15:24:15.469Z,laid off,layoff_watch
at://did:plc:t2dfq4ktezmwjdnjjaygw4bl/app.bsky.feed.post/3mkx7mykayu2w,"In “The Devil Wears Prada 2,” Miranda Priestly (Meryl Streep) must hang her own coat, and Andy Sachs (Anne Hathaway) is laid off from a newspaper via text message. Hard times all around. www.newyorker.com/2026/05/11/t...",newyorker.com,35,3,4,LEVEL_2_STRUGGLING,2026-05-03T13:00:26.742583Z,laid off,layoff_watch
at://did:plc:vmvgfyrylc66mti4mpelxaqq/app.bsky.feed.post/3mksk5ze35k2g,"If you got laid off today, I hope you are able to spend the next days or weeks grieving and healing and coming to terms. After that, I hope you pitch me at @mothership.blog for any gender or identity stories you’ve got. I’ll always happily give pitching advice, too. Solidarity ❤️",zoehhannah.com,38,0,10,LEVEL_2_STRUGGLING,2026-05-01T16:25:37.573Z,laid off,layoff_watch
at://did:plc:3cbes2lf7a4xmdkhzbvpa3rb/app.bsky.feed.post/3mkqdlfrays2k,Death metaling my fuckin nuts off now,bayoublastbeats.bsky.social,9,2,0,LEVEL_1_AWARE,2026-04-30T19:22:31.124Z,laid off,layoff_watch
at://did:plc:5magnv4mhwosoawwr6i7your/app.bsky.feed.post/3mksgrtvb2s27,"My special interests are fighting.

Delta made fountain pens based on art movements.

Baroque, Rococo, and Cave painting NAILED IT.

Renaissance: i guESS? If based on the art before we cleaned the soot off.

Medieval: Gorgeous. But WAY too laid back.

www.penboutique.com/products/del...",karidru.bsky.social,29,5,2,LEVEL_1_AWARE,2026-05-01T15:25:07.967Z,laid off,layoff_watch
at://did:plc:2jjromh55tf7pp7s4hsvurf4/app.bsky.feed.post/3mksuhxolo22n,I know it's gauche to quote tolkien but genuinely the most interesting thing in his letters to me is this one from 1963 wherein he laid out in very plain terms what I think is THE fundamental thing that makes so much art have a life in your head beyond what you see on a page or play in a game,moomanibe.bsky.social,1157,16,253,LEVEL_1_AWARE,2026-05-01T19:30:08.783Z,laid off,layoff_watch
at://did:plc:ygprjyphkmoefvtbrhtfr44a/app.bsky.feed.post/3mkvndfc3222i,lol get fucked losers.,lordaslan.bsky.social,27,3,2,LEVEL_1_AWARE,2026-05-02T22:00:18.302Z,laid off,layoff_watch
at://did:plc:jd5ynkua4gin3r2fmb25marj/app.bsky.feed.post/3mkm5qsgov22m,Raise your hand if you've been laid off over the last year and a half.,blackazizanansi.blacksky.app,47,16,11,LEVEL_2_STRUGGLING,2026-04-29T03:27:30.777Z,laid off,layoff_watch
at://did:plc:v3aj4nzt5erfuleczq2h4ulz/app.bsky.feed.post/3mktytojeys22,"Given most people move on to a different company or are laid-off every 2-3 years, people build stuff with an ""I'll be long gone when this breaks"" mentality.",tepidlatte.bsky.social,10,0,2,LEVEL_1_AWARE,2026-05-02T06:20:56.535Z,laid off,layoff_watch
at://did:plc:t7m2cbvey6ugtwwhunt2q23w/app.bsky.feed.post/3mkxhiwzzvc2d,"""Many of them felt they had been told to train AI systems to replace them, laid off by a single email after decades of service, left facing deportation after losing work-dependent visa...""

Ladies and gentlemen - may I present the owners of Star Trek.",punkonbuslives.bsky.social,25,2,7,LEVEL_2_STRUGGLING,2026-05-03T15:21:21.714Z,laid off,layoff_watch
at://did:plc:ty2kxmxjmtealqi2kc7f4pww/app.bsky.feed.post/3mkteepllos2r,"This shit is so awful and dangerous, especially with people getting laid off and kids graduating into this shitshow. I got a couple really weird messages from a FOAF that sounded like someone in the throes of AI psychosis.",erikahall.bsky.social,19,3,0,LEVEL_2_STRUGGLING,2026-05-02T00:14:39.503Z,laid off,layoff_watch
at://did:plc:oee4lxwtaec6r5jsobvmzlk2/app.bsky.feed.post/3mkvuy7wq2c2o,"Mayternity 2026 - Delilah 
Showing off both versions of my latest mini ych 
So cute! 
#furry #pregnancy #nsfw",strangely.bsky.social,26,0,5,LEVEL_1_AWARE,2026-05-03T00:17:14.029Z,laid off,layoff_watch
at://did:plc:xabsfet3lmu77mu7sddifg4c/app.bsky.feed.post/3mktla4usjc2v,"Well, the Daily Wire just laid off 50% of its staff today due to financial difficulties and shifting audience trends. This is happening amid MAGA influencers (including co-founder Ben Shapiro) experiencing massive losses in engagement and viewer retention. Karma is coming. The left will prevail.",bryanguarderas.bsky.social,18,3,6,LEVEL_2_STRUGGLING,2026-05-02T02:17:21.857Z,laid off,layoff_watch
at://did:plc:2tthxgt2h7vhgjhknbf26c2f/app.bsky.feed.post/3mkpuxrviu52m,"Does it look fat because he's skinny or does he look skinny because it's so fat?

Should we go back to the Bonkr grid and see if we can catch another stud? 👀",cabaretbara.bsky.social,417,14,67,LEVEL_1_AWARE,2026-04-30T15:00:59.000Z,laid off,layoff_watch
at://did:plc:u7ekhscmpnsszadqgiilxj5w/app.bsky.feed.post/3mkotsvezpc25,"I'd like to tell everyone something

Last year, I was laid off from my job and was unemployed for a few months. I never asked for help, because I had some savings built up, and I knew a lot of people are worse off than I am

I landed safely at a new position a couple months ago, but it was scary",nerdskull.bsky.social,69,2,0,LEVEL_2_STRUGGLING,2026-04-30T05:07:42.778Z,laid off,layoff_watch
at://did:plc:ljys37ze57fkkmd55sqdqgr7/app.bsky.feed.post/3mksqsywnh22f,"Well, I see that acting is mentioned, and writing, but at the same time entire teams of artists are being laid off from major studios and in many cases replaced with AI. I wonder if that’s going to be reflected at all.",nz-sketches.bsky.social,18,1,0,LEVEL_2_STRUGGLING,2026-05-01T18:24:44.228Z,laid off,layoff_watch
at://did:plc:odeus4f2fcfxwdnnnfxwatwl/app.bsky.feed.post/3mkq76oge422r,"Also, PP laid off all the activism staff in the PPSE (Louisiana, AL, MS and GA) including all the voter outreach and policy folk.",robinmarty.com,14,0,3,LEVEL_2_STRUGGLING,2026-04-30T18:03:49.031Z,laid off,layoff_watch
at://did:plc:4gwdyczlpd5t7erttikngzqf/app.bsky.feed.post/3mkuew4bo4c2v,Especially when we took our eyes off of Biden while he laid more fertile ground for a tyrant.,pamacious.bsky.social,4,0,0,LEVEL_1_AWARE,2026-05-02T09:57:02.959Z,laid off,layoff_watch
at://did:plc:vyddatz54lnkex3w7kamvb5n/app.bsky.feed.post/3mkpvask77s23,".

Jerome Powell literally just announced on national television that there has been ZERO job growth in the last 6 months

Zero jobs created.

So when your job decides to lay you off, there is no other job for you to go to.

Everyone needs to sit now.

Not when you get laid off & have no power

.",libraonfire.bsky.social,35,1,12,LEVEL_2_STRUGGLING,2026-04-30T15:06:03.044Z,laid off,layoff_watch
at://did:plc:sltlphob6bpjro3jk2olsjbt/app.bsky.feed.post/3mkvnfm6ey22k,"mind it doesn't help my existing network has also all disappeared now so I'm effectively starting fresh. all the art directors and editors and production assistants that I knew aren't there anymore. because, you know, they were all laid off.",artofchira.bsky.social,26,2,0,LEVEL_2_STRUGGLING,2026-05-02T22:01:32.633Z,laid off,layoff_watch
at://did:plc:2dsilvmarmvcymvkxycjr36m/app.bsky.feed.post/3mkt7nsgoxc2c,"The Tacoma News Tribune, part of the financially distressed McClatchy chain, has laid off its only remaining opinion writer. That doesn’t bode well for endorsements in the busy midterm election. #pnw",g8rgrrlcheryl.bsky.social,14,2,0,LEVEL_2_STRUGGLING,2026-05-01T22:50:15.769Z,laid off,layoff_watch
at://did:plc:f3nuykhbbce757q5gbgfnzaf/app.bsky.feed.post/3mkswyfhw622n,"This, and my film criticism buddies ""Paste in the Garrett/Holly era was the best place for games writing"" 😭 is keeping me alive right now fr

 This past year since getting laid off has been so fuckin hard. so fuckin hard.",winnersusedrugs.bsky.social,14,1,0,LEVEL_2_STRUGGLING,2026-05-01T20:15:07.599Z,laid off,layoff_watch
at://did:plc:5zbnjzokuc4fr43akzzu2vpj/app.bsky.feed.post/3mktcu7nebs23,"All five of Ravenous' worker-owners are union members. Many of us are organizers who bargained contracts improving the working conditions of hundreds of journalists 

We worked to raise more than a quarter of a million dollars in mutual aid to benefit laid-off journalists. Then we all got laid off.",aemccarthy.bsky.social,13,1,2,LEVEL_2_STRUGGLING,2026-05-01T23:47:32.172Z,laid off,layoff_watch
at://did:plc:ou35r7lfy5hvcanr6hepo2hw/app.bsky.feed.post/3mkuuscrwpc2c,Making light of folks getting laid off (especially in THIS job market) ain't the move.,mimib1121.blacksky.app,7,0,5,LEVEL_2_STRUGGLING,2026-05-02T14:41:15.450Z,laid off,layoff_watch
at://did:plc:tnlpwg55pvz2uzifndvevv3j/app.bsky.feed.post/3mkpnqrmbus2q,"The most depressing reddit page is r/GenX I go there to make myself feel better about my situation. Every post on there, ""52/M Welp, laid off and getting divorced, she's keeping the kids and the dog. I'm moving in with my elderly mom...what's next?""",panicstreak.bsky.social,41,4,0,LEVEL_2_STRUGGLING,2026-04-30T12:51:49.000Z,laid off,layoff_watch
at://did:plc:lsjo5pnx6byjoo27omtcoyly/app.bsky.feed.post/3mksy3f2ehc2t,"so yeah. i dunno. gonna spend a few days thinking about it. i know others are in similar situations, not to mention literally everyone who makes games has also been laid off and is gone down down similar mental lists at least once if not more times in the last year. its hard out there for everyone",headfallsoff.com,38,1,0,LEVEL_2_STRUGGLING,2026-05-01T20:34:41.562Z,laid off,layoff_watch
at://did:plc:uec67uirpmfejpwaiyd3y662/app.bsky.feed.post/3mkqkc4yawk2j,"FEMA is trying to hire back more than 100 disaster-relief workers, whom the Trump administration laid off months ago as part of budget cuts. Gift article, no paywall.
wapo.st/4t6FdeI",svecrumba.bsky.social,12,2,11,LEVEL_2_STRUGGLING,2026-04-30T21:22:36.122Z,laid off,layoff_watch
at://did:plc:qsle3bayjmxefdqiy4iqwnc7/app.bsky.feed.post/3mkslflo57c2s,"here is one with the full text of the email. they really laid off pretty much all the strikers and retained the scabs. like the old ppg, the new ppg will never see a cent of my money
bsky.app/profile/alte...",daniskitchen.bsky.social,11,2,0,LEVEL_2_STRUGGLING,2026-05-01T16:47:45.402Z,laid off,layoff_watch
at://did:plc:3qibhxxum6xedbd57umdbced/app.bsky.feed.post/3mkt34vzs722t,"VivzieReciepts comes across as a creepy stalker, like they use third party apps to track peoples’ likes and movements. It’s so incel that I just have to tell them to get a job, get a life, get laid by a hooker like…get over yourself and fuck off!",themiumiutoo.bsky.social,36,5,7,LEVEL_1_AWARE,2026-05-01T21:29:14.146Z,laid off,layoff_watch
at://did:plc:obalt57atoxc2zooldtuur75/app.bsky.feed.post/3mkxkyhaeu42s,One of the main reasons I wanted to do this was because anything else seems impossible. I was laid off eight months ago and already there have been more layoff rounds at my former employer. Big media is just not sustainable. 7/,jayasaxena.com,12,1,0,LEVEL_2_STRUGGLING,2026-05-03T16:23:42.842Z,laid off,layoff_watch
at://did:plc:axpzyhl2p5zy5nmb2vppqvmd/app.bsky.feed.post/3mkuwet65j22m,"I spend a lot of time enraged that rich progressives are too short-sighted and tightly wound to their own flawed messaging. All single races, not the long-term value of an educated public. They don’t think journalism is a good investment. @hamiltonnolan.bsky.social

semafor.com/article/05/0...",oliviamesser.bsky.social,256,6,48,LEVEL_1_AWARE,2026-05-02T15:09:30.346Z,laid off,layoff_watch
at://did:plc:6ndjjs6qgw2tkxdrjjzk3sq7/app.bsky.feed.post/3mkscbgitck23,"kid's teachers laid off today( a big furlough pay cut) on teacher appreciation week.

Oregon & US lawmakers can't keep funding at pace w inflation

Special Ed more neglected. We need less Clinton democrats, #MoreMamdani AOC

#VoteBlueHarder
bsky.app/profile/mayo...",buildwithjoe.bsky.social,26,0,1,LEVEL_2_STRUGGLING,2026-05-01T14:04:22.089Z,laid off,layoff_watch
at://did:plc:zxh6uh5wehlxl3mmos7bz372/app.bsky.feed.post/3mkejav7rgs2k,The Washington Post using the picture from the photographer they laid off.,yourcanadiangf.bsky.social,3465,146,906,LEVEL_2_STRUGGLING,2026-04-26T02:32:03.822Z,laid off,layoff_watch
at://did:plc:pzz7ydhfsfwrj7wbnuzsrfub/app.bsky.feed.post/3mkqookge522a,"Written offer signed. 

Let's see how long I can manage to not get laid off for this time. 🫠",nicholestrano.bsky.social,8,2,0,LEVEL_2_STRUGGLING,2026-04-30T22:41:07.836Z,laid off,layoff_watch
at://did:plc:uub7tqcnkkrdo6dtprdatm7y/app.bsky.feed.post/3mkpxwlz4nc27,"someone put together a mix and laid penguin footage on top of it and

my brain is so conditioned to treat the combination of cinematography and music as expository about character that i'm sitting here like ""the penguin thinks they're better off on their own, but they long for penguin friendship.""",tehweenus.bsky.social,26,1,0,LEVEL_1_AWARE,2026-04-30T15:54:01.874Z,laid off,layoff_watch
at://did:plc:blgele6hngu7kqhk7sftknzi/app.bsky.feed.post/3mknoctjxhs2l,"Just got word I am getting laid off July 17th. This doesn’t come as a surprise, and stems from the company I work(ed) for getting acquired this past January. Would appreciate your prayers as I continue to search for a new role to support my family.",baskerville.bsky.social,53,12,2,LEVEL_2_STRUGGLING,2026-04-29T17:56:35.523Z,laid off,layoff_watch
at://did:plc:gormnems4iydljgsojdyvpvt/app.bsky.feed.post/3mkzeakmxzk2y,i feel like i got robbed of my life when i got laid off and i spent the last three years flailing about in bad relationships trying to find my way back,freyja-lynx.dev,8,1,0,LEVEL_2_STRUGGLING,2026-05-04T09:28:18.519Z,laid off,layoff_watch
at://did:plc:5kwv6dyjjq2yiha44cszuykj/app.bsky.feed.post/3mkqoueiwz22s,"""Unions are useless and only protect useless workers from getting fired""
""You wont get fired if youre good at your job"" (i was laid off around the time of game industry mass layoffs)
""Well price is increasing now but it also increased during covid"" (complained about gas price days prior)",destinythememe.bsky.social,20,3,0,LEVEL_2_STRUGGLING,2026-04-30T22:44:22.956Z,laid off,layoff_watch
at://did:plc:hmjkyrt6pge5mi6z6phkzqwm/app.bsky.feed.post/3mkxv4sjenc2u,"i need bluesky polls so i can ask you to decide between either drawing:

mat & emil carwash pinup 

mat & emil modern-ish au (mat is a leather daddy & emil is an office worker who just got laid off)",heirakka.bsky.social,8,7,0,LEVEL_2_STRUGGLING,2026-05-03T19:25:06.706Z,laid off,layoff_watch
at://did:plc:jjheidmljqrsatjic4e6hmm2/app.bsky.feed.post/3mkssaghkhy2o,"Shuttered GM plants, idle Foxconn factories, 1,460 laid-off battery workers who voted Trump, and zero MAGA hats at the grocery store. CNN's John King says Ohio's cracking open and Mahoning County Democrats smell blood.",wellborn.net,17,1,8,LEVEL_1_AWARE,2026-05-01T18:50:07.000Z,laid off,layoff_watch
at://did:plc:gvmedo5nvhfcidwwzb2463ca/app.bsky.feed.post/3mkmxbydfys2l,Is “skill shortage issues” short for “we laid off and forced so many people out of the industry that there’s barely anyone left with long term experience”,spacecatt.bsky.social,28,1,10,LEVEL_2_STRUGGLING,2026-04-29T11:04:30.935Z,laid off,layoff_watch
at://did:plc:h7bvrvu4vjk2mmntlemlpy7p/app.bsky.feed.post/3mkscme4n322w,"when i rescinded my contractor position at fanbyte after most of the team was laid off, @garrettmartin.bsky.social promptly reached out and offered me work. and he did it again about a year ago when i told valnet i wouldn’t be taking part of nü polygon after the layoffs. i can’t thank him enough",diegoarguello.bsky.social,23,1,0,LEVEL_2_STRUGGLING,2026-05-01T14:10:27.044Z,laid off,layoff_watch
at://did:plc:rgksbnnmpdbbb3pxbyjtfv5n/app.bsky.feed.post/3mkqwclhp4k2u,Welllllll I just saw a thing about how the place I use to get my yarn baby yarn is using generative AI to edit their product photos and they also laid off a bunch of creatives (hobbii) 🥲 I'll have to figure something out,rosymegglemoth.bsky.social,15,6,0,LEVEL_2_STRUGGLING,2026-05-01T00:57:36.210Z,laid off,layoff_watch
at://did:plc:tsg2swd2q6iz6zau5jekfvtv/app.bsky.feed.post/3mkpoppgcac26,"When I started my career, I put money in my 401k and maxed out the company match. Then I got laid off during the dot com bust, and spent that money on COBRA. Then I started a new job and maxed out my 401k, then I got laid off in the housing bubble and spent that money to pay rent. Then I started..",maximusjohnson.bsky.social,8,0,0,LEVEL_2_STRUGGLING,2026-04-30T13:09:06.893Z,laid off,layoff_watch
at://did:plc:m2qfjzbhbfyvkiiicpp5lls3/app.bsky.feed.post/3mknko6rc2c2p,"20 years ago we was about to have the 2008 financial crisis lmao I was 16 and my parents were about to be laid off. 

What jobs?! 🤣",lenadreamsingld.blacksky.app,26,1,1,LEVEL_2_STRUGGLING,2026-04-29T16:51:21.429Z,laid off,layoff_watch
at://did:plc:kwhopwyloujf3p3idnae4ogm/app.bsky.feed.post/3mksuyezpps2v,WELP. 28 of my coworkers are getting laid off. I was spared--and I'm _hoping_ they're done with layoffs for a while--but I'm definitely gonna start seriously looking for a less stressful job.,nekoewen.bsky.social,7,0,0,LEVEL_2_STRUGGLING,2026-05-01T19:39:19.652Z,laid off,layoff_watch
at://did:plc:vgdwohw5iqdlqxarugyujfcj/app.bsky.feed.post/3mkvzxehrpc2c,"my partner worked for a cancer researching VA contractor as a geneticist, and they were laid off directly because of RFK and his bullshit. we truly do not hate this man enough",suddenlygarmo.bsky.social,5,0,0,LEVEL_2_STRUGGLING,2026-05-03T01:46:13.433Z,laid off,layoff_watch
at://did:plc:y2shgh5shfjl6zdjvti4gi5q/app.bsky.feed.post/3mkvjjsmdes2s,"Oh look, tech companies announced 81,747 layoffs in Q1 2026, the highest quarterly total since at least Q1 2024, with
layoffs more than doubling from the previous quarter and rising +580% since Q4 2025.

#collapse",collapseaphorisms.bsky.social,15,3,4,LEVEL_1_AWARE,2026-05-02T20:52:18.632Z,tech layoffs 2025,layoff_watch
at://did:plc:lw5dadzkguntwgkj2jxmulxk/app.bsky.feed.post/3mkh4mq2bxc27,"when we look at tech hiring and tech layoffs, the implicit or explicit baseline we're comparing to is a period of history that's REALLY, REALLY weird

compound adoption cycles, zero interest rate economics, and venture inertia that's not exactly normal",daniloc.xyz,31,3,3,LEVEL_2_STRUGGLING,2026-04-27T03:24:01.624Z,tech layoffs 2025,layoff_watch
at://did:plc:2slch5jhx7jm7kaunfznfykb/app.bsky.feed.post/3mjwjobspz72e,"Ranked: Which Tech Companies Cut the Most Jobs? 💼

https://www.visualcapitalist.com/ranked-biggest-tech-layoffs-by-company-2025-2026-ytd/",visualcap.bsky.social,5,1,2,LEVEL_1_AWARE,2026-04-20T13:02:16.751316Z,tech layoffs 2025,layoff_watch
at://did:plc:qmqpc2iwmykw42zcxcgttf22/app.bsky.feed.post/3mj6a7bwv2227,Calling it now - Disney purchases Fortnite/Epic Games before the end of the year.,meghancherry25.bsky.social,7,1,0,LEVEL_1_AWARE,2026-04-10T21:08:56.316Z,tech layoffs 2025,layoff_watch
at://did:plc:62zocq6m3kfxqqfta5zjlqvs/app.bsky.feed.post/3mizrrz6iyk2y,"30,000 jobs gone at Oracle. 30,000 at Amazon.
The data shows a relentless wave of cuts across Big Tech. But the real story is in the footnote: Amazon, Intel, and Microsoft are executing repeated rounds of layoffs throughout 2025 and 2026. 
#TechLayoffs #BigTech #FutureOfWork #Economy #Layoffs",sbhasin.bsky.social,3,0,0,LEVEL_1_AWARE,2026-04-09T02:40:19.583Z,tech layoffs 2025,layoff_watch
at://did:plc:7x6xshhjou4ijit5qjvyput3/app.bsky.feed.post/3miimhjhx3v2x,"Oracle layoffs will help cost savings, analysts say

Oracle Corp. signage on the floor of the New York Stock Exchange (NYSE) in New York, US, on Wednesday, Dec. 31, 2025. Michael Nagle | Bloomberg | Getty Images Oracle stock traded slightly lower Wednesday as the multinational tech conglomerate…",stockupdatesnow.bsky.social,2,0,0,LEVEL_1_AWARE,2026-04-02T06:49:41Z,tech layoffs 2025,layoff_watch
at://did:plc:bvbbhrfpnjz4ruyhomttt5qg/app.bsky.feed.post/3mgag4tm7sk2s,"This has been my experience. Tech execs are arguing sweeping layoffs are due to AI, but when you look at where the layoffs are happening and what/how AI tools are being used, it's pretty clear AI isn't the reason for the layoffs.",romancingnope.bsky.social,6,2,1,LEVEL_1_AWARE,2026-03-04T13:44:41.224Z,tech layoffs 2025,layoff_watch
at://did:plc:dxphnrtri3v6a2lyl2khufyv/app.bsky.feed.post/3mg67szrvul2x,"WGAE members at CBS News 24/7 are fighting for a fair contract in the midst of threats to free speech, multiple massive mergers and tumultuous changes to the broadcast news industry. 

Our members deserve strong job protections, send a letter to management: wgaea.st/cbs247-letter",wgaeast.bsky.social,21,1,5,LEVEL_1_AWARE,2026-03-03T16:46:30.198Z,tech layoffs 2025,layoff_watch
at://did:plc:hh2jwswoa26g5qdv5zom2vve/app.bsky.feed.post/3m4ld3ekctj2x,Seattle’s tech paradox: Amazon’s layoffs vs. the AI boom — or is it a bubble? https://www.geekwire.com/2025/seattles-tech-paradox-amazons-layoffs-collide-with-an-ai-boom-or-is-it-a-bubble/,geekwire.com,1,0,0,LEVEL_1_AWARE,2025-11-01T15:37:30+00:00,tech layoffs 2025,layoff_watch
at://did:plc:mio34d6iditlo4lebbacj6uw/app.bsky.feed.post/3maqhzhqglt25,"From mass layoffs to mass hiring? Trump's Tech Force gets 25K applicants for 1,000 AI jobs after shedding 300K+ feds. Mission-critical or mixed signals? #TechForce #FederalJobs #AI

Details: https://www.thedupreereport.com/2025/12/trump-tech-force-applicants-federal-hiring/",waynedupree.bsky.social,0,0,0,LEVEL_1_AWARE,2025-12-24T14:30:00+00:00,tech layoffs 2025,layoff_watch
at://did:plc:fafoyafpfx2ize33fk7qe65s/app.bsky.feed.post/3liemd4g5e6e2,"Meta’s 2025 Mass Layoffs and Emerging Cybersecurity Threats The tech world has been shaken in e...

https://medium.com/codex/metas-2025-mass-layoffs-and-emerging-cybersecurity-threats-3c539e1922de?source=rss------technology-5

#programming #tech #ai #technology #artificial-intelligence

Event […]",2rzikkbou3ntafnir2qmmse0gwz.activitypub.awakari.com.ap.brid.gy,0,0,0,LEVEL_1_AWARE,2025-02-17T11:06:05.000Z,tech layoffs 2025,layoff_watch
at://did:plc:umirm62fconu5vsudj6xd34k/app.bsky.feed.post/3lrqvormyn22a,"📉 Tech Layoffs Hit 22K+ in 2025
TechCrunch's Layoffs.fyi tracker shows that over 22,000 jobs have been cut across the tech sector so far this year, with June seeing fresh rounds of layoffs at Playtika (~90), Airtime (~25), and more from Microsoft 📉

Source: techcrunch.com/2025/05/21/t...",quicktech.bsky.social,0,0,0,LEVEL_2_STRUGGLING,2025-06-16T21:16:40.893Z,tech layoffs 2025,layoff_watch
at://did:plc:mcb6n67plnrlx4lg35natk2b/app.bsky.feed.post/3lszf6sklit27,"
Bluesky's Top 10 Trending Words from the Past 10 Minutes:
💨x1* - gaza 🔓
💨x1* - ukraine 🔓
💨x1* - democracy 🔓
💨x25 - 7-0
💨x24 - jays
💨x20 - schneider
💨x20 - 1﹐475
💨x19 - marsh
💨x16 - all-star
💨x15 - barger
(tap to see all posts w/ the word! ANDROID: long-press&copy)

#FreePalestine 🇵🇸",nowbreezing.ntw.app,2,0,0,LEVEL_1_AWARE,2025-07-02T23:40:34.488723+00:00,tech layoffs 2025,layoff_watch
at://did:plc:orardgl7xqncvvdgfevcepba/app.bsky.feed.post/3lu2dwobna224,"A comprehensive list of 2025 tech layoffs
#LayOffsList

techcrunch.com/2025/07/15/t...",juliocaceres.bsky.social,0,0,0,LEVEL_2_STRUGGLING,2025-07-16T02:15:59.096Z,tech layoffs 2025,layoff_watch
at://did:plc:5r7bshogvp37oq4gpq45vrfe/app.bsky.feed.post/3lwho6jaco42q,"A Comprehensive List of 2025 Tech Layoffs The Landscape of Tech Layoffs in 2025 2025 has emerged as another challenging year for.... @cosmicmeta.ai #Layoff

https://u2m.io/h02Fk6aB",buhane.com.tr,0,0,0,LEVEL_2_STRUGGLING,2025-08-15T20:14:19.338Z,tech layoffs 2025,layoff_watch
at://did:plc:mgaevhfgdlc73yafkptlhswv/app.bsky.feed.post/3lodnh44olo2s,"Discover the top 20 business, finance, tech, and startup news stories from the US and Canada between April 28 and May 4 2025, covering major layoffs, trade tensions, and innovation highlights. #BusinessNews #TechUpdates #USCanadaRelations #Startup #BDigit24 #BDigit24France #BDigit24Europe #BDigit24",nextbusiness24.bsky.social,0,0,0,LEVEL_1_AWARE,2025-05-04T10:29:00Z,tech layoffs 2025,layoff_watch
at://did:plc:zpfoc2f746ncgjrmwkwpichd/app.bsky.feed.post/3lhlepob7mb23,"Significant tech layoffs in 2025: Industry shifts continue 🔀

Major companies cut jobs in Jan, including Meta's 5% workforce reduction

#TechLayoffs #IndustryTrends #Meta #TechIndustry",masonq.bsky.social,0,0,0,LEVEL_2_STRUGGLING,2025-02-07T10:17:41Z,tech layoffs 2025,layoff_watch
at://did:plc:tp5zlkhylqtm5dz5x2ogyyfy/app.bsky.feed.post/3ljs343mwes2v,Tech layoffs are hitting harder than a 2-day-old glitchy software update! Big Tech and startups alike are feeling the pinch across 2024 and 2025. Is this a tech correction or an innovation redirection? Time to rethink how we balance talent and tech. #AI,autonofy.bsky.social,1,0,0,LEVEL_2_STRUGGLING,2025-03-07T13:04:42.991692+00:00,tech layoffs 2025,layoff_watch
at://did:plc:n443jox7uztxh2hlr3yu4efz/app.bsky.feed.post/3llzsehwyzg2q,New Post: TikTok Confirms Major Dublin Job Cuts Amid Global Restructuring buff.ly/42ouahE,itson-ie.bsky.social,0,0,0,LEVEL_1_AWARE,2025-04-05T01:40:01.672Z,tech layoffs 2025,layoff_watch
at://did:plc:4w7jzkpdswrg7tf4azxu3gsc/app.bsky.feed.post/3lmk46zodmq23,Thoughts on this? >> A comprehensive list of 2025 tech layoffs >> Comment below! #industry40 #IoT #healthtech #AI #mhealth,drtimos.bsky.social,0,0,0,LEVEL_2_STRUGGLING,2025-04-11T13:18:32Z,tech layoffs 2025,layoff_watch
at://did:plc:pb4iqo5afmok3c6a3wyadqkv/app.bsky.feed.post/3ln4spd3p362h,"A comprehensive list of 2025 tech layoffs

The tech layoff wave is still kicking in 2025. Last year saw more than 150,000 job cuts across 549 companies, according to independent layoffs tracker Layoffs.fyi. So far this year, more than 22,000 workers have been the victim of reductions across the…",inmobi-info.bsky.social,0,0,0,LEVEL_2_STRUGGLING,2025-04-18T23:49:15Z,tech layoffs 2025,layoff_watch
at://did:plc:fafoyafpfx2ize33fk7qe65s/app.bsky.feed.post/3lon5mw4tp6j2,"Wave of tech layoffs leads to more job scams The tech industry is experiencing significant layoff...

https://www.helpnetsecurity.com/2025/05/08/job-employment-scams/

#Don't #miss #News #CrowdStrike #cybercrime #cybersecurity #Entrust #FTC #Malwarebytes #scams #tips

Result Details",2rzikkbou3ntafnir2qmmse0gwz.activitypub.awakari.com.ap.brid.gy,0,0,1,LEVEL_2_STRUGGLING,2025-05-08T05:00:53.000Z,tech layoffs 2025,layoff_watch
at://did:plc:443innltbeu56z7323yl6rjf/app.bsky.feed.post/3lvbg24x6dc27,"Between Jan. and July 2025, 82,000 employees have been laid off in tech alone.

Given the tens of thousands of federal emcees gone, mass layoffs at larger universities and research institutes... why is there ""no unemployment"" according to gov't reports?",stellinagp.bsky.social,0,1,0,LEVEL_2_STRUGGLING,2025-07-31T15:07:32.425Z,tech layoffs 2025,layoff_watch
at://did:plc:r3v7vp5jq7ufw6mgcnv5x2do/app.bsky.feed.post/3lzqh6qxnmd2g,"Senators Grassley and Durbin gave Amazon, Meta, Google and Microsoft until Oct 10 2025 to explain H‑1B hiring, as Trump’s order raises the new petition fee to $100,000. Read more: https://getnews.me/senators-question-tech-giants-over-h-1b-hiring-after-ai-linked-layoffs/ #h1b #techpolicy #senate",getnews-me.bsky.social,0,0,0,LEVEL_1_AWARE,2025-09-26T08:18:43.511-04:00,tech layoffs 2025,layoff_watch
at://did:plc:cybbejgbdd6jq6towygyfee6/app.bsky.feed.post/3li3vgetrlj2d,"A comprehensive list of 2024 and 2025 tech layoffs

The tech layoff wave continued through 2024. Following significant workforce reductions in 2022 and 2023, 2024 saw more than 150,000 job cuts across 542 companies, according to independent layoffs tracker Layoffs.fyi. Large companies like Tesla,…",todayscroll.bsky.social,0,0,0,LEVEL_1_AWARE,2025-02-13T23:59:18Z,tech layoffs 2025,layoff_watch
at://did:plc:wgjqi3nsn76btuholcq2o4t2/app.bsky.feed.post/3lip7nsondn25,"Meta approves bonuses of up to 200% of company executives' salaries as it trims stock awards for employees 

https://www.businessinsider.com/meta-approves-bonuses-executives-amid-layoffs-2025-2 

Paywall Free: http://archive.today/KWzav 

#news #tech #technology #socialmedia #meta #business",impracticalfuture.bsky.social,0,0,1,LEVEL_1_AWARE,2025-02-21T16:23:00.814Z,tech layoffs 2025,layoff_watch
at://did:plc:rghsmk5gzlb7s2tv5olsc2jk/app.bsky.feed.post/3lldbshsgmn2j,A comprehensive list of 2025 tech layoffs #Technology #Business #Other hashtag #TechLayoffs #JobMarket #EmploymentTrends,puretech.news,0,0,0,LEVEL_2_STRUGGLING,2025-03-27T02:45:03.415Z,tech layoffs 2025,layoff_watch
at://did:plc:345w5ovxsxjxtpm3fzoaozkh/app.bsky.feed.post/3lrqss73xtc2s,"A comprehensive list of 2025 tech layoffs - TechCrunch 
Source: TechCrunch Tech",neurasensory.bsky.social,1,0,1,LEVEL_2_STRUGGLING,2025-06-16T20:24:54.339897+00:00,tech layoffs 2025,layoff_watch
at://did:plc:37pgy2rehjqkj52xfhkl7qdr/app.bsky.feed.post/3loyxrkfls22p,"Salesforce CEO-2025 Not hiring any engineers coz AI
Reality-Salesforce 2025 applied for 400+ H-1b visas
META-4000+ 2024, 1600+ so far in 2025
Both companies opened huge R&D centers in India in 2024
They are using the H-1b visa to facilitate the removal of entire depts. to India. Mass Tech Layoffs.",jake-leone.bsky.social,0,0,0,LEVEL_2_STRUGGLING,2025-05-12T21:59:44.479Z,tech layoffs 2025,layoff_watch
at://did:plc:vtpyqvwce4x6gpa5dcizqecy/app.bsky.feed.post/3lwhb5hhsmy24,A comprehensive list of 2025 tech layoffs,techcrunch.com,7,0,2,LEVEL_2_STRUGGLING,2025-08-15T16:21:05.446Z,tech layoffs 2025,layoff_watch
at://did:plc:zqajbwp7dw6i5may4s3qlstb/app.bsky.feed.post/3lzgtobskgy2z,"A comprehensive list of 2025 tech layoffs

The tech layoff wave is still kicking in 2025. Last year saw more than 150,000 job cuts across 549 companies, according to independent layoffs tracker Layoffs.fyi. So far this year, more than 22,000 workers have been the victim of reductions across the…",monikawalker.bsky.social,0,0,0,LEVEL_1_AWARE,2025-09-22T16:35:30Z,tech layoffs 2025,layoff_watch
at://did:plc:y6xmgwypqvdwrn7vk7hmn4w4/app.bsky.feed.post/3m7az4xdzl227,"October saw 153,000 U.S. job cuts, the worst October in 20+ years. Warehousing and tech were hit hardest as companies cut costs and shifted to AI. Total 2025 layoffs now top 1 million, signaling a weakening job market and rising economic uncertainty.",dailyworldnews26.bsky.social,0,0,0,LEVEL_1_AWARE,2025-12-05T17:28:24.852Z,tech layoffs 2025,layoff_watch
at://did:plc:zqajbwp7dw6i5may4s3qlstb/app.bsky.feed.post/3m7vqn4pn3m23,"A comprehensive list of 2025 tech layoffs

The tech layoff wave is still kicking in 2025. Last year saw more than 150,000 job cuts across 549 companies, according to independent layoffs tracker Layoffs.fyi. So far this year, more than 22,000 workers have been the victim of reductions across the…",monikawalker.bsky.social,0,0,0,LEVEL_1_AWARE,2025-12-13T23:22:16Z,tech layoffs 2025,layoff_watch
at://did:plc:mjaosck5gecezbry5gi42hcr/app.bsky.feed.post/3m4ial4jvps24,"📊 As AI lawsuits grow, FCC rolls back rules—raising risks for tech and consumers. Face-scanning expands, layoffs loom. Civil liberties and transparency now in the spotlight.

https://signaloftech.com/en/2025/10/the-fcc-retreats-on-safeguards-as-ai #artificial #regulation",signaloftech.bsky.social,1,0,0,LEVEL_1_AWARE,2025-10-31T10:14:39.444450+00:00,tech layoffs 2025,layoff_watch
at://did:plc:5emvnyojodegusejx4p4it5j/app.bsky.feed.post/3leruy5z24s24,"I am retired now, but if I were hiring in 2025, I expect I would be able to find tons of good candidates without needing to sponsor an H1B, there have been so many layoffs in recent years. If a tech CEO says they absolutely need lots of H1B's in today's job market, I question their motive.",leeivyca.bsky.social,0,0,0,LEVEL_1_AWARE,2025-01-02T20:09:10.696Z,tech layoffs 2025,layoff_watch
at://did:plc:juwob7hlpp24iw2ou7jc67wn/app.bsky.feed.post/3ljbawb7cwk2x,"A comprehensive list of 2024 and 2025 tech layoffs #comprehensive #tech #layoffs 

[🧵 👉 Read more headlines, #breaking #news or #trends 🗞️👇] seefinish.com/summary-anal...",seefinishpublyk.bsky.social,0,0,0,LEVEL_2_STRUGGLING,2025-02-28T20:33:34.427Z,tech layoffs 2025,layoff_watch
at://did:plc:wxvfwv52vobvgo5lwsaryqmg/app.bsky.feed.post/3lqsgs5ylw22n,Interesting read.  What will the 2025 Tax Bill do down the road? qz.com/tech-layoffs...,alweiner.bsky.social,0,0,0,LEVEL_1_AWARE,2025-06-04T18:30:16.240Z,tech layoffs 2025,layoff_watch
at://did:plc:37pgy2rehjqkj52xfhkl7qdr/app.bsky.feed.post/3lnnpwhtmyk2n,"You see a similar pattern in bigger tech companies, now with large offices in India. Meta (opening 250,000 seat dev hub in India, big layoffs over last 3 years), applied for 4000+ H-1b visas in 2024, 1600+ in 2025 (so far). H-1b facilitates the removal of jobs to India, it destroys Bay Area jobs.",jake-leone.bsky.social,0,0,0,LEVEL_1_AWARE,2025-04-25T17:14:50.883Z,tech layoffs 2025,layoff_watch
at://did:plc:orardgl7xqncvvdgfevcepba/app.bsky.feed.post/3ltfu4odcvc2f,"Which Workers Will A.I. Hurt Most: The Young or the Experienced?
Amid layoffs at Microsoft and other large tech companies, experts are debating whose jobs are most likely to be spared.
#AI #JobsToBeSpared

www.nytimes.com/2025/07/07/b...",juliocaceres.bsky.social,0,0,0,LEVEL_1_AWARE,2025-07-07T22:39:45.840Z,tech layoffs 2025,layoff_watch
at://did:plc:dju7rgetkyq4hzeuhyzeqp47/app.bsky.feed.post/3lifplk4mjc2u,"phys.org/news/2025-02...

A fascinating statistical look at labor trends in the age of AI. 

So far no signs of high-tech high skilled layoffs. 

We hear that from individual companies like Salesforce but it's not yet in the data.",adamgalas.bsky.social,1,1,0,LEVEL_1_AWARE,2025-02-17T21:41:28.129Z,tech layoffs 2025,layoff_watch
at://did:plc:cvhzp4oqk57twhhjji5o2b3t/app.bsky.feed.post/3m3csttw45525,"A comprehensive list of 2025 tech layoffs

https://www.newsbeep.com/nz/82146/

The tech layoff wave is still kicking in 2025. Last year saw more than 150,000 job cuts across…",nz-nb.bsky.social,0,0,0,LEVEL_2_STRUGGLING,2025-10-16T13:00:24+00:00,tech layoffs 2025,layoff_watch
at://did:plc:ged4n5if4qyo5p6w6smxterb/app.bsky.feed.post/3m3xpcmevma2c,A comprehensive list of 2025 tech layoffs,jamesfreny.bsky.social,0,0,0,LEVEL_2_STRUGGLING,2025-10-24T20:23:02Z,tech layoffs 2025,layoff_watch
at://did:plc:jsirsnpw4cigmvm6ezhlfkbd/app.bsky.feed.post/3luuueczh4y2z,"Layoffs Surge in Tech: More Than 100,000 Jobs Cut in 2025 So Far The tech industry in 2025 is experiencing an unprecedented wave of layoffs. With over 100,000.... @cosmicmeta.ai #Tech

https://u2m.io/XS7aRHXP",cosmicmetanft.bsky.social,0,0,0,LEVEL_1_AWARE,2025-07-26T15:19:09.948Z,tech layoffs 2025,layoff_watch
at://did:plc:occyol3yap4ofvifqn4ax75r/app.bsky.feed.post/3lvgibkbldl2q,"📰Latest News Alert

CEOs Tout AI Layoffs as Innovation Amid 130,000 Job Cuts in 2025 . CEOs are boasting about AI-driven workforce reductions as innovative triumphs, with tech giants like Intel and... www.webpronews.com/c...",layoffhubai.bsky.social,1,0,0,LEVEL_1_AWARE,2025-08-02T15:30:46.657Z,tech layoffs 2025,layoff_watch
at://did:plc:zqajbwp7dw6i5may4s3qlstb/app.bsky.feed.post/3lvbftvegnq2r,"A comprehensive list of 2025 tech layoffs

The tech layoff wave is still kicking in 2025. Last year saw more than 150,000 job cuts across 549 companies, according to independent layoffs tracker Layoffs.fyi. So far this year, more than 22,000 workers have been the victim of reductions across the…",monikawalker.bsky.social,0,0,0,LEVEL_1_AWARE,2025-07-31T15:04:01Z,tech layoffs 2025,layoff_watch
at://did:plc:xz4mh2pz3lmrh7lejezbv7r5/app.bsky.feed.post/3m7xp6tpqtv2m,"The list of casualties in the AI age grows. Here’s a comprehensive list of tech layoffs in 2025, a surprising reminder of how business, AI and automation are reshaping jobs.

#TechJobs #Layoffs #Automation #BusinessStrategy

https://techcrunch.com/2025/10/17/tech-layoffs-2025-list",itimagined.bsky.social,1,0,0,LEVEL_2_STRUGGLING,2025-12-14T18:01:44.087Z,tech layoffs 2025,layoff_watch
at://did:plc:k7556b3zfibmn44yeugmlgjw/app.bsky.feed.post/3m5ntombchy2v,"A comprehensive list of 2025 tech layoffs techcrunch.com/2025/... A complete list of all the known layoffs in tech, from Big Tech to startups, broken down by month throughout 2024.",joel23.bsky.social,0,0,0,LEVEL_2_STRUGGLING,2025-11-15T09:05:05.106Z,tech layoffs 2025,layoff_watch
at://did:plc:asomxmzvrkyczcxhs5slb2bk/app.bsky.feed.post/3meooutevhr2h,"Mar 31, 2025 News: Science Silenced, Tech Transformed, Truth Revealed 🔍🌍 A silent quake is unsettling science, tech & truth—a seismic shift unnoticed by many. Alvin decodes the halt in U.S. research aid, NOAA's clampdown, tech layoffs, DEI twists at Google & the ransomware",lacer2k.bsky.social,2,0,0,LEVEL_2_STRUGGLING,2026-02-12T19:08:09.264Z,tech layoffs 2025,layoff_watch
at://did:plc:ohawy22ek7jwfrlsnoyqfel7/app.bsky.feed.post/3m7bkulvknc22,"***As of December 2025, U.S. employers have announced over 1.17 million job cuts for the year, the highest since the COVID-19 pandemic in 2020, with tech, retail, and government sectors leading layoffs.",rebalynn.bsky.social,3,0,3,LEVEL_1_AWARE,2025-12-05T22:45:51.751Z,tech layoffs 2025,layoff_watch
at://did:plc:5hkogxu5u4wkelj6qm6iarip/app.bsky.feed.post/3lek5ug4sus2l,"Over 150k tech jobs had layoffs in 2024 and I expect a lot more in 2025. 

As technology moves faster, startups that got funding a few years ago become obsolete faster too.",aisupremacy.bsky.social,13,2,4,LEVEL_1_AWARE,2024-12-30T18:26:50.758Z,tech layoffs 2025,layoff_watch
at://did:plc:xlhaalih5fxa24jeyinunqed/app.bsky.feed.post/3ljiamzwwvf2j,"Reg is open for my May 2025 conf. deltacx.com/dcxhive2025 

Day 1: CX, UX, & difficult workplaces.

Day 2: Personal Development (self-worth, energy, time management)

Day 3: Career Shifts (confidence after layoffs, passive income, negotiating, freelancing, solopreneur, brainstorming non-tech work)",deltacx.com,0,0,0,LEVEL_1_AWARE,2025-03-03T15:17:00.817Z,tech layoffs 2025,layoff_watch
at://did:plc:xaxtm7hhgyw42vbid27dk5nq/app.bsky.feed.post/3luhvmrrous2r,"🚨 Microsoft. Apple. Infosys. Layoffs.
2025 has already shown us the reality—AI and automation are replacing routine tech jobs, not just to cut costs but to increase efficiency.

💬 DM “AI ” to grab the registration link and secure your seat now.

#AIbootcamp #GenAITraining #TechLayoffs2025  #NareshIT",nareshit.bsky.social,0,0,0,LEVEL_1_AWARE,2025-07-21T11:37:11.175Z,tech layoffs 2025,layoff_watch
at://did:plc:xrgyaiscnypwqqnbsgixjrn3/app.bsky.feed.post/3lux4zj2t5c2j,"In 2025, the parsimonious interpretation of massive layoffs is ""tech-fueled employment singularity"" rather than just ... ""failure"".",mvthomster.bsky.social,0,0,0,LEVEL_1_AWARE,2025-07-27T12:59:30.514Z,tech layoffs 2025,layoff_watch
at://did:plc:4hm6gb7dzobynqrpypif3dck/app.bsky.feed.post/3lojgsv26kb2f,"@Forbes: April Tech Layoffs Exceed 23,000—What’s Next For Tech Jobs In 2025? ",news-feed.bsky.social,0,0,0,LEVEL_2_STRUGGLING,2025-05-06T17:46:19.444Z,tech layoffs 2025,layoff_watch
at://did:plc:4w7jzkpdswrg7tf4azxu3gsc/app.bsky.feed.post/3lpoxowvufj2s,Thoughts on this? >> A comprehensive list of 2025 tech layoffs >> Comment below! #industry40 #healthtech #mhealth #IoT #AI,drtimos.bsky.social,0,0,0,LEVEL_2_STRUGGLING,2025-05-21T15:56:50Z,tech layoffs 2025,layoff_watch
at://did:plc:o5wlr3gi4tz23ake7ef23ejs/app.bsky.feed.post/3lwzbchfsfc2d,"""A comprehensive list of 2025 tech layoffs. So far this year, more than 22,000 workers have been the victim of reductions across the tech industry, with a staggering 16,084 cuts taking place in February alone."" techcrunch.com/2025/08/15/t...",socialmedialab.ca,1,0,0,LEVEL_2_STRUGGLING,2025-08-22T20:11:48.466Z,tech layoffs 2025,layoff_watch
at://did:plc:3hnxmle2hfbilxnzcpr2yhrw/app.bsky.feed.post/3m4bc32pevk2r,"The large-scale job cuts at Amazon are just a fraction of the tens of thousands of jobs that have been cut so far this year. Layoffs.fyi—which tracks publicly announced layoffs at tech companies—has counted 128,732 layoffs at 218 different tech companies in 2025.",brewitchin.bsky.social,0,0,0,LEVEL_1_AWARE,2025-10-28T15:52:50.055Z,tech layoffs 2025,layoff_watch
at://did:plc:hmgx5xdutlfd62b6ri3ahzxx/app.bsky.feed.post/3m4e3eyhz2v2t,"Tech Field Day Rundown | October 29, 2025

#Microsoft & #OpenAI $135B AI deal
#AWSCloud 14K layoffs amid AI push
#IBM Acquires #Txture for cloud
IBM & #AMD Quantum breakthrough
#Qualcomm New AI chips vs #NVIDIA
#PaloAltoNetworks Expands AI security

#TFDRundown #AI #Cybersecurity",techfielddaypod.bsky.social,0,1,0,LEVEL_1_AWARE,2025-10-29T18:31:06.244Z,tech layoffs 2025,layoff_watch
at://did:plc:lc6hdhnjkgccd6ysi7e23pll/app.bsky.feed.post/3m4nx2qyifs2l,"Tech Layoffs 2025: 218 Companies Slash 1 Lakh+ Jobs; Amazon, Intel, Meta Lead The Cuts; Check Details
->Times Now | #Tech | More from Lil Dr Glen EcoChat at BigEarthData.ai",bigearthdata.ai,0,0,0,LEVEL_2_STRUGGLING,2025-11-02T16:40:25.084306+00:00,tech layoffs 2025,layoff_watch
at://did:plc:pcpvhedjrmiu2x6hwe33qpvm/app.bsky.feed.post/3m4zzkibwce2w,"Bloomberg says October 2025 saw the highest monthly job cuts in two decades with “AI-driven layoffs” (or AI-blamed layoffs, lets say) affecting 153K+ positions, 183% increase from September buff.ly/j1pXQAw #artificial_intelligence #artificialintelligence #Innovation #Technology #Tech #TechNews",timothyhughes.bsky.social,1,0,0,LEVEL_1_AWARE,2025-11-07T11:56:57.347Z,tech layoffs 2025,layoff_watch
at://did:plc:fetx6qitbjnx73uf7spivqjv/app.bsky.feed.post/3m76c5xwbfr2m,A comprehensive list of 2025 tech layoffs,davidi99.bsky.social,0,0,0,LEVEL_2_STRUGGLING,2025-12-04T15:32:01.948Z,tech layoffs 2025,layoff_watch
at://did:plc:w6mteumljhk4iupoxidvlf5d/app.bsky.feed.post/3m73t3a7cse25,"In 2025, more than 22,000 people globally have lost jobs in tech companies so far — showing the industry’s widespread layoffs continue. 

The streaming platform YouTube will comply with Australia’s new rule banning under-16s from using social media — teens under 16 will be automatically signed out.",shreeinc.bsky.social,1,1,0,LEVEL_1_AWARE,2025-12-03T15:56:45.859Z,tech layoffs 2025,layoff_watch
at://did:plc:mht5ub4ykjuoxpux77hikixt/app.bsky.feed.post/3mao5zyocqa2l,"Tech industry faces significant layoffs in 2025, with over 22,000 jobs cut. AI and automation reshape the workforce landscape. #TechLayoffs #AIImpact #Automation #TechIndustry #EmploymentTrends Link: thedailytechfeed.com/tech-layoffs...",thedailytechfeed.com,0,2,0,LEVEL_1_AWARE,2025-12-23T16:26:02.325Z,tech layoffs 2025,layoff_watch
at://did:plc:mcb6n67plnrlx4lg35natk2b/app.bsky.feed.post/3lfmzhd6act2c,"
Bluesky's Top 10 Trending Words from the Past 10 Minutes:
️⚠️💨9 - gaiman
️⚠️💨5 - 乱舞
️⚠️💨4 - ukraine
️⚠️💨4 - gaza
️⚠️💨3 - 1﹐304
️⚠️💨2 - rednote
️⚠️💨2 - 地震
️⚠️💨2 - 刀剣
️⚠️💨2 - 周年
️⚠️💨1 - rubin
(tap to see all posts w/ the word! ANDROID: long-press&copy)

#ListenToBlackVoices",nowbreezing.ntw.app,2,0,0,LEVEL_1_AWARE,2025-01-13T15:11:07.612823+00:00,tech layoffs 2025,layoff_watch
at://did:plc:6mykhwkym3og5vguu7kivh5g/app.bsky.feed.post/3lm2s23clja2f,"📢 A comprehensive list of 2025 tech layoffs

A complete list of all the known layoffs in tech, from Big Tech to startups, broken down by month throughout 2024.
#Startups #Venture #evergreens #Layoffs #TechLayoffs #TechCrunch2023Recap",ai-tech-news.bsky.social,0,0,0,LEVEL_2_STRUGGLING,2025-04-05T11:06:52.362Z,tech layoffs 2025,layoff_watch
at://did:plc:ged4n5if4qyo5p6w6smxterb/app.bsky.feed.post/3lt6u32kf642q,A comprehensive list of 2025 tech layoffs,jamesfreny.bsky.social,0,0,0,LEVEL_2_STRUGGLING,2025-07-05T03:50:11Z,tech layoffs 2025,layoff_watch
at://did:plc:hh2jwswoa26g5qdv5zom2vve/app.bsky.feed.post/3lu5p4ge37c2k,Trending: Tech hiring trends: Corporate layoffs create opportunity for well-positioned startups https://www.geekwire.com/2025/tech-hiring-trends-corporate-layoffs-create-opportunity-for-well-positioned-startups/,geekwire.com,0,0,0,LEVEL_1_AWARE,2025-07-17T10:14:01+00:00,tech layoffs 2025,layoff_watch
at://did:plc:occyol3yap4ofvifqn4ax75r/app.bsky.feed.post/3ls6abk3j6v2d,"📰Latest News Alert

Tech layoffs hit 100,000+ in 2025: Intel, Microsoft, Meta and these... timesofindia.indiati...",layoffhubai.bsky.social,0,0,0,LEVEL_2_STRUGGLING,2025-06-22T04:30:43.660Z,tech layoffs 2025,layoff_watch
at://did:plc:aqaomt76o364rxit7dz7dme6/app.bsky.feed.post/3lp7unojdzt2j,"Microsoft's AI focus is reshaping coding jobs, with up to 30% of code now generated by AI. Are you ready for this tech shift? #AI  

https://www.bloomberg.com/news/articles/2025-05-14/microsoft-layoffs-hit-software-engineers-as-industry-touts-ai-savings",ai-latestnews.bsky.social,0,0,0,LEVEL_1_AWARE,2025-05-15T15:52:31.447164Z,tech layoffs 2025,layoff_watch
at://did:plc:wff7uo734vlav2j646kogbrj/app.bsky.feed.post/3m3uelwjyll25,"Xbox Under Pressure: Microsoft’s 30% Profit Mandate Drives Pivot from ‘Antiquated’ Exclusives

#Microsoft #Xbox #Gaming #Tech #Layoffs #VideoGames #Activision #GamingNews #SarahBond

winbuzzer.com/2025/10/23/x...",winbuzzer.com,1,0,1,LEVEL_1_AWARE,2025-10-23T12:33:25.874Z,tech layoffs 2025,layoff_watch
at://did:plc:zxtukqarzo7jmyvwbmntvpht/app.bsky.feed.post/3m2ga4kbibs2y,"窮地のIntelはともかく一流企業ばかり。やはりMSとAWSが目を引くな

180K job cuts: Biggest tech company layoffs in 2025 (as of October)
gulfnews.com/technology/1...",touya24.bsky.social,0,0,0,LEVEL_1_AWARE,2025-10-05T04:10:47.883Z,tech layoffs 2025,layoff_watch
at://did:plc:occyol3yap4ofvifqn4ax75r/app.bsky.feed.post/3lycs2p4tyd2a,"📰Latest News Alert

Tech Layoffs 2025: Microsoft, Salesforce, Oracle, and TCS Slash Thousands of Jobs as AI Restructures Industry... www.thehansindia.com...",layoffhubai.bsky.social,0,0,0,LEVEL_2_STRUGGLING,2025-09-08T08:30:50.570Z,tech layoffs 2025,layoff_watch
at://did:plc:hh2jwswoa26g5qdv5zom2vve/app.bsky.feed.post/3m6krk5j5sp2p,Trending: ‘Not a squeak’: Veteran tech workers face new reality amid layoffs and tough job market https://www.geekwire.com/2025/not-a-squeak-veteran-tech-workers-face-new-reality-amid-layoffs-and-tough-job-market/,geekwire.com,1,0,0,LEVEL_1_AWARE,2025-11-26T21:14:02+00:00,tech layoffs 2025,layoff_watch
at://did:plc:rtcq73js56x6ewybe53j27dr/app.bsky.feed.post/3m4xpz262cx2k,"AI in Big Tech: IBM's Q4 2025 layoffs highlight a shift toward AI-driven roles. Yet, skepticism persists—is AI the true cause or just a convenient cover?  

How do you see AI shaping the workforce? #TechTrends",syntheticsapien.bsky.social,0,0,0,LEVEL_1_AWARE,2025-11-06T14:00:48.851Z,tech layoffs 2025,layoff_watch
at://did:plc:q6kyz5gohsaqrjriflgaiggx/app.bsky.feed.post/3m4hekv3jq527,"Economy is slowing! Big Tech is priced like the party never ends, just look at these P/Es- And no magic liquidity indicator or fancy theory will change that. Major layoffs announced in 2025: • UPS: 48,000 employees • Amazon: up to 30,000 employees • Intel: 24,000 employees • Nestlé: 16,000 employees",citizenwatchreport.bsky.social,0,1,0,LEVEL_1_AWARE,2025-10-30T21:53:26Z,tech layoffs 2025,layoff_watch
at://did:plc:ssk3nxcnk363y6k33ckcchnr/app.bsky.feed.post/3mdoodxdzec2j,"“The sectors that recorded some of the top hiring surges in 2020 and 2021—tech and logistics—are now seeing the most layoffs. U.S.-based employers announced 1.2 million job cuts in 2025, the highest annual figure since 2020…”

By: Konrad Putzier and Chip Cutter",nirajonthego.bsky.social,3,0,0,LEVEL_1_AWARE,2026-01-31T01:33:31.416Z,tech layoffs 2025,layoff_watch
at://did:plc:s4i24evc222jzbwvxvryvmmq/app.bsky.feed.post/3lffh7ldnnc2u,"""However, many workers have already been replaced by AI. In recent years, some tech firms, including file storage service Dropbox and language-learning app Duolingo, have cited AI as a reason for making layoffs.""

www.cnn.com/2025/01/08/b...",codyjohnson.bsky.social,0,0,0,LEVEL_1_AWARE,2025-01-10T14:56:01.937Z,tech layoffs 2025,layoff_watch
at://did:plc:lvoh6kgyhsm7s52ppqm2wgoq/app.bsky.feed.post/3ljhtykil7ux2,"

https://www.businessinsider.com/meta-mark-zuckerberg-2025-busy-start-announcements-changes-2025-2

#Tech #AI #meta #mark-zuckerberg #donald-trump #ai #content-moderation #facebook-content-moderation #dei #layoffs

Event Attributes",deepseek.activitypub.awakari.com.ap.brid.gy,0,0,0,LEVEL_1_AWARE,2025-03-03T09:27:02.000Z,tech layoffs 2025,layoff_watch
at://did:plc:phhvfqc2ql7difjxgwvpadpt/app.bsky.feed.post/3llgb3amdx22t,"Good morning,

Here is your Morning Coffee Daily News Summary for 28 March 2025.

Covering Asian markets, US tech downturn, European indices, company layoffs, and commodity trends.

open.substack.com/pub/marketbi...

#econsky
#investing",elycourt.bsky.social,0,0,0,LEVEL_1_AWARE,2025-03-28T07:10:03.524Z,tech layoffs 2025,layoff_watch
at://did:plc:occyol3yap4ofvifqn4ax75r/app.bsky.feed.post/3loqvycvfgr2n,"📰Latest News Alert

A comprehensive list of 2025 tech layoffs . A complete list of all the known layoffs in tech, from Big Tech to startups, broken down by month throughout 2024 and 2025.   .

techcrunch.com/2025/...",layoffhubai.bsky.social,0,0,0,LEVEL_2_STRUGGLING,2025-05-09T17:06:24.898Z,tech layoffs 2025,layoff_watch
at://did:plc:p6jxcw3uj2z77wb7owmzz3so/app.bsky.feed.post/3lp2wm3cnre25,"Microsoft Lays Off 7,000 Workers Despite Record Profits: What’s Driving Big Tech’s Restructuring?

Microsoft’s 2025 layoffs impact 7,000 employees amid rising AI investments, cost-cutting measures, and Big Tech restructuring. As artificial intelligence transforms cloud computing, digital strategy,…",alifuonline.bsky.social,0,0,0,LEVEL_2_STRUGGLING,2025-05-13T16:44:05Z,tech layoffs 2025,layoff_watch
at://did:plc:eoikfhmt6cau6fmde4d3os6p/app.bsky.feed.post/3lswjntmzs22d,"✈️ $Bay Area startups prepare for 2025 immigration crackdown: At least 5 firms halted hiring citizens, with labor groups predicting 10k layoffs in tech sector. #Immigration #Tech layoffs

(... got something in your amazon cart? before you check out, click this link: tinyurl.com/amazondiscou...",dailynewstrends.bsky.social,0,0,0,LEVEL_2_STRUGGLING,2025-07-01T20:22:34.593Z,tech layoffs 2025,layoff_watch
at://did:plc:35ysqr6bfwct233xltyq5d2h/app.bsky.feed.post/3lwbzz2c7qs2r,80k tech layoffs in 2025 alone layoffs.fyi,wiooyxzy.bsky.social,0,0,0,LEVEL_2_STRUGGLING,2025-08-13T14:30:02.551Z,tech layoffs 2025,layoff_watch
at://did:plc:2dhjpzplzuribh62fa2rfnu4/app.bsky.feed.post/3lqv465v5kd2g,"Layoffs in the tech industry are picking up steam. We are all going broke and will have no jobs thanks to Trump & JD Vance. 

www.geekwire.com/2025/latest-...",vetsfighfascist.bsky.social,0,0,0,LEVEL_1_AWARE,2025-06-05T19:58:06.836Z,tech layoffs 2025,layoff_watch
at://did:plc:5vwjnzaibnwscbbcvkzhy57v/app.bsky.feed.post/3lr6of7oj3ar2,"Bay Area tech workers endure grim 2025 as big companies reveal layoffs The Bay Area has lost more...


#Featured #News #Bay #Area #tech #workers #layoffs #news1
Origin | Interest | Match",searchengine.activitypub.awakari.com.ap.brid.gy,0,0,0,LEVEL_1_AWARE,2025-06-09T14:47:16.000Z,tech layoffs 2025,layoff_watch
at://did:plc:bi5xdpxmo6rhucofh7ygztwx/app.bsky.feed.post/3lyzr6236222x,"Will Your Job Survive? Tech Layoffs in 2025 Already Top 166,000
www.androidheadlines.com/2025/09/will... #technology #tech #layoffs",androidheadlines.bsky.social,0,0,0,LEVEL_2_STRUGGLING,2025-09-17T11:46:03.393Z,tech layoffs 2025,layoff_watch
at://did:plc:owo2l6v35uvk3axlrkz6d2wt/app.bsky.feed.post/3mb6gfwph4v2p,"From Pink Slip to Power User: How Public Expertise Is the Ultimate Cybersecurity Career Armor + Video

Introduction: In 2025's volatile tech landscape, where layoffs impact hundreds daily, career security is no longer guaranteed by a single employer. For cybersecurity and IT professionals, the most…",undercode.bsky.social,0,0,0,LEVEL_1_AWARE,2025-12-30T03:38:27Z,tech layoffs 2025,layoff_watch
at://did:plc:plei2spfeqh3zmct4stickc5/app.bsky.feed.post/3m2wopgu6ls2m,"🔴 2010 (The Gold Rush) : 
18M+ developers. GitHub launches. Everyone learns     to code

🔴 2021 (Peak Developer) : 
$500K+ TC packages. ""Software is eating the world ""

🔴 2025 (The AI Disruption) : 
Transformer paper → Copilot → Mass Tech Layoffs. ""AI is eating software""

Today's Reality:",leadgenman.bsky.social,0,1,0,LEVEL_2_STRUGGLING,2025-10-11T17:14:27.446Z,tech layoffs 2025,layoff_watch
at://did:plc:sbp74gfwzff4tjdqiljg6tf3/app.bsky.feed.post/3lvs7to5u4k26,"Is tech still worth your time in 2025?

The hype has cooled.
The layoffs were loud.
The market feels saturated.

But here’s the brutal truth:

Tech isn’t dead. The easy money is.

If you’re only in it for quick wins, you’re late.",samuelayan.bsky.social,2,1,1,LEVEL_1_AWARE,2025-08-07T07:31:48.686Z,tech layoffs 2025,layoff_watch
at://did:plc:l545bb3u5jkaj3gdgj6bqrqn/app.bsky.feed.post/3m4jekzvees2l,"putting people out of work, ensuring that they'll continue to be unable to afford food?

Billionaires aren't benevolent.

While I disagree about computers ""thinking"" (this may be semantics; still, gen AI canNOT create), this was published in Seattle hours after the Seoul photo.",elizabethreadsser.bsky.social,0,1,0,LEVEL_1_AWARE,2025-10-31T20:58:50.100Z,tech layoffs 2025,layoff_watch
at://did:plc:ly66c3mbu72mxr2ep2qu2gvq/app.bsky.feed.post/3m65k4fvgsk2i,"Amazon announces record layoffs, cutting thousands of engineering jobs—even while pushing to boost innovation. The tech giant’s move signals strategic cost-cutting and a leaner post-pandemic future. Full story: www.cnbc.com/2025/11/21/a...",robert123asd.bsky.social,1,0,0,LEVEL_1_AWARE,2025-11-21T14:56:29.578Z,tech layoffs 2025,layoff_watch
at://did:plc:vd3znbqyfchgnoc5dcnn3qp2/app.bsky.feed.post/3m7nrlm6jki2n,"Companies Are Blaming AI for Layoffs. The Real Reason Will Piss You Off. | by Jari Mattlar | Oct, 2025 | Medium
180,000 tech workers lost their jobs in 2025. Companies say it’s because of AI. Oxford researchers call BS",sogeraldhu.bsky.social,0,0,0,LEVEL_1_AWARE,2025-12-10T19:18:01.316Z,tech layoffs 2025,layoff_watch
at://did:plc:qvw6iezecm6rhcscmj7ehqlf/app.bsky.feed.post/3m7j3patvt22k,"@ThePrimeTime 

1 year, no job

#tech #jobs #layoffs

12/2025 

youtu.be/_L5ynHuFX7Y?...",powerfromspace1.bsky.social,3,0,1,LEVEL_1_AWARE,2025-12-08T22:35:44.178Z,tech layoffs 2025,layoff_watch
at://did:plc:occyol3yap4ofvifqn4ax75r/app.bsky.feed.post/3maie7oj43s26,"📰Latest News Alert

AI was behind over 50,000 layoffs in 2025 — here are the top firms to cite it for job cuts . Some of the world's biggest tech companies cited AI as part of their layoff and... www.cnbc.com/2025/12...",layoffhubai.bsky.social,0,0,0,LEVEL_1_AWARE,2025-12-21T09:00:36.665Z,tech layoffs 2025,layoff_watch
at://did:plc:x2c6hyb6fypoagxf4u7ep5ar/app.bsky.feed.post/3mh2syne7u22r,goddamn the job search process sucks these days. basically spent like six hours helping my girlfriend looking for work. what a nightmare,spookycandle.bsky.social,8,2,0,LEVEL_1_AWARE,2026-03-15T01:44:12.296Z,job search nightmare,layoff_watch
at://did:plc:gn5sfi6qyjvrufz5oyba5yhh/app.bsky.feed.post/3lfvtlilr6k26,This job came up today in my job search. Sounds like a total nightmare. I applied in the hopes that I can get just ONE call with the recruiter so I can get the juicy details. 😂  I want someone to spill the tea!,geekgyrl.bsky.social,1,1,0,LEVEL_1_AWARE,2025-01-17T03:20:02.421Z,job search nightmare,layoff_watch
at://did:plc:pyt4txvbmj5r5mk5uete3jds/app.bsky.feed.post/3mdln3nagbc2t,"*sigh* you guys sorry no naked butt. Just here to say I’ve really been hitting the job search so hard for so long. Interviewed & toured a facility. Got offered the job on the spot. 
When I tell you how much of a moral dilemma this is because their lab is a safety & compliance nightmare 😭
UGH WHYYY 💔",juniperhoneywell.bsky.social,22,5,0,LEVEL_1_AWARE,2026-01-29T20:32:59.425Z,job search nightmare,layoff_watch
at://did:plc:wsbcxxrjoccvesfrjks43e2b/app.bsky.feed.post/3m6xcs5d4qo2y,"200本のタイトル で、スペシャルプロモーションが始まりました。12/16(火)3:00まで。
store.steampowered.com/search...",steamgamefan.bsky.social,1,0,0,LEVEL_1_AWARE,2025-12-01T20:53:05Z,job search nightmare,layoff_watch
at://did:plc:2dleeojhpqjj44glq6cbfo2e/app.bsky.feed.post/3kj7hhsx4rq2n,"Well, once again, I keep striking out with places despite interviews and follow ups. *sigh* How much more of a fight is there left before it is just sucked out of me? Jesus.... I'm fucking exhausted. It feels like I'm in a never ending nightmare with this job search it seems.... :(",rottfan.bsky.social,1,0,0,LEVEL_1_AWARE,2024-01-17T21:59:12.530Z,job search nightmare,layoff_watch
at://did:plc:tw6t3cpq4veeyjy6jn2kmtdt/app.bsky.feed.post/3ltvaf7ejcs2a,YES. It's a nightmare for both sides. Small nonprofits & schools can't afford to pay the $30-70 a day it costs for Indeed to *not* throttle legit job postings down its search results while shoving the scam jobs to the top every time. 😮‍💨,hyuumanatees.bsky.social,2,0,0,LEVEL_1_AWARE,2025-07-14T01:29:13.119Z,job search nightmare,layoff_watch
at://did:plc:gxmusbotfuesnxbb72va4yiz/app.bsky.feed.post/3lxda264kbs2s,"Except most people would still read the Google AI Overview, one of the worst offenders of AI-driven misinformation. Every Google AI Summary I have ever seen first-hand has given incorrect answers, it's a freaking nightmare. Currently my default search engine is Ecosia, it does an okay job I guess.",bronymike.bsky.social,5,1,0,LEVEL_1_AWARE,2025-08-26T19:15:53.932Z,job search nightmare,layoff_watch
at://did:plc:x7nlqzzzpdlvjomgmjkhqhok/app.bsky.feed.post/3kidie4aps42g,"I'm already not feeling well, & so my dream life recently has been weird, but last night may be the first time I've had a nightmare about the job search committee I'm currently on, as opposed to interviewing for one.",mnarmintor.bsky.social,1,0,0,LEVEL_1_AWARE,2024-01-06T19:00:30.906Z,job search nightmare,layoff_watch
at://did:plc:whyslnsnfcnkjttgkyfava5d/app.bsky.feed.post/3lukuf4ne2c2i,"It’s New Release Tuesday at the bookstore!

Fresh stories just hit our shelves. Come browse the latest and greatest titles, hot off the press. Your next favorite read might just be waiting for you!

#newreleasetuesday #booksky💙📚",bluehousebooks.bsky.social,5,1,2,LEVEL_1_AWARE,2025-07-22T15:52:59.596Z,job search nightmare,layoff_watch
at://did:plc:vsjt75dnuxj37ojzebmdapv3/app.bsky.feed.post/3m75nh6gs3k2s,"Just awoke from a nightmare about walking round a darkened, desolate book fair, in case anyone's curious how my job search in publishing is going.",ws-luk.bsky.social,0,0,0,LEVEL_1_AWARE,2025-12-04T09:21:23.710Z,job search nightmare,layoff_watch
at://did:plc:3jlmrtkzcc2gzuyh5em32d6c/app.bsky.feed.post/3lp7iipf5w22o,"also, having been through a nightmare, endless job search twice in the last five years - i'd bet quite a lot that a substantial proportion of those 9mn are out of work bc of some combination of 'applied to 300+ jobs, no reply' or 'no jobs in field/area willing to accommodate disability/caregiving'",kesbeacon.bsky.social,2,2,0,LEVEL_1_AWARE,2025-05-15T12:14:59.760Z,job search nightmare,layoff_watch
at://did:plc:52jey2zzqbupus43xeez4bfj/app.bsky.feed.post/3memra6s6o22y,"i've had a nightmare week, i am completely penniless, still in the search for a job and i need to pay for bills, groceries and my water heater repairs, any help will do and will be appreciated 🙏

paypal.me/friedgoldara",arakubrick.bsky.social,0,0,0,LEVEL_1_AWARE,2026-02-12T00:44:58.381Z,job search nightmare,layoff_watch
at://did:plc:sjskd22wltrhuoolfltna76s/app.bsky.feed.post/3ma24wizvj224,"-You can tell a whole lot about someone by how they respond to the current job-search nightmare where there are far more job-seekers than jobs and society hasn't kept up: whether they (rightly) blame the systems & billionaires that ratfucked us, or (wrongly) jump to blaming brown immigrants.",camroundabout.bsky.social,1,0,0,LEVEL_1_AWARE,2025-12-15T17:12:56.917Z,job search nightmare,layoff_watch
at://did:plc:hrdmm54ee6n5lposhuzqbzdn/app.bsky.feed.post/3m7itz7q2ms27,since i'm living alone rn i would benefit so much from a social worker but it is a nightmare to navigate disability claims and job search stuff already lol.,cureiv.bsky.social,2,1,0,LEVEL_1_AWARE,2025-12-08T20:18:08.603Z,job search nightmare,layoff_watch
at://did:plc:z7symr5kl4watfc7tpluuna7/app.bsky.feed.post/3m3bfmuwghs2z,Job search nightmare— self-recording data-slave for AI,dynamoe.bsky.social,4,0,4,LEVEL_2_STRUGGLING,2025-10-15T23:31:17.565Z,job search nightmare,layoff_watch
at://did:plc:dmxg25outqfxg5fqvg32xbsd/app.bsky.feed.post/3mbeuyc3ryk2t,"I am beginning a search for a better job in the meantime but I HAVE to get this credit card bill down in order to save 200 dollars a month in bills and raise my score enough to escape or I will never be able to get out of this absolute nightmare, please share wherever you can to keep us all housed!",ecnomoda.bsky.social,2,0,2,LEVEL_1_AWARE,2026-01-01T17:15:15.586Z,job search nightmare,layoff_watch
at://did:plc:5kytnhqhugyajykwps7nyful/app.bsky.feed.post/3mafgtzxy722t,I need to get better at politely discussing the escalating nightmare of my job search situation without feeling like I'm being strangled or like I'm going to burst into tears,rhenna.gay,2,0,0,LEVEL_1_AWARE,2025-12-20T05:09:48.580Z,job search nightmare,layoff_watch
at://did:plc:wsbm5h6cgcayogzk3nywjywq/app.bsky.feed.post/3mbor3yf4i22w,i realized i hate my job now because it’s become 60000 times harder to look up technical info on the internet even using non-google search engines lol. the research was always the part i like and now it’s a nightmare,girlthing.bsky.social,7,0,0,LEVEL_1_AWARE,2026-01-05T15:32:22.040Z,job search nightmare,layoff_watch
at://did:plc:fhjkb7zctnor7jbaoa7q5fz2/app.bsky.feed.post/3mk3lqk6hjs25,this job search anxiety has wrecked my sleep schedule in ways no one could have ever predicted... last night I had a nightmare that DeNA doubled the price of packs in ptcg pocket because they had added heihachi tekken as a guest character,tekkact.us,1,1,0,LEVEL_1_AWARE,2026-04-22T13:22:38.955Z,job search nightmare,layoff_watch
at://did:plc:a4tfpqnug6f3cmiikbi7ojps/app.bsky.feed.post/3kkr3altgjd2f,"Ayyyyy, congratulations! The job search is a purgatorial nightmare; thrilled that you’re free. 👏",williamjepma.bsky.social,0,0,0,LEVEL_1_AWARE,2024-02-06T15:33:33.865Z,job search nightmare,layoff_watch
at://did:plc:yvmmzogycighocmvkcfab7pm/app.bsky.feed.post/3lziltjlfc22s,"extremely. had a panic attack, almost walked out of the job, but I'm so fucking poor I can't just do that, and I'm so emotionally fucked I can barely make mental space for the new job search, and I'm not even the one being taken yet, and no one should be getting taken, it's a waking nightmare.",hes-a-merman.bsky.social,2,1,0,LEVEL_1_AWARE,2025-09-23T09:20:37.921Z,job search nightmare,layoff_watch
at://did:plc:yesgjmipyo3etoj653eoxz6e/app.bsky.feed.post/3kvafkoqk6z2t,"Friends! I'm trying to cover rent! The job market is a nightmare! If you feel like buying some of my belongings, it'll help out a lot!

newyork.craigslist.org/search/sss?u...",tymonbrown.com,0,0,0,LEVEL_1_AWARE,2024-06-19T00:00:02.897Z,job search nightmare,layoff_watch
at://did:plc:qbzdpbngd5zp7fqlxqb75fsi/app.bsky.feed.post/3lzvhlvqv4s2v,job search so bad i try to sleep in for an hour and i have a nightmare about the application process fuckin hell,incidentalfish.bsky.social,6,0,0,LEVEL_1_AWARE,2025-09-28T12:09:23.880Z,job search nightmare,layoff_watch
at://did:plc:rc3w4wx5wj7f4z6q2bqqiqpa/app.bsky.feed.post/3llx2mrrq6s22,"They ran out of phone poles and need more. We could have no power for a total of 15 days. No car, money, I can't job search if my phone constantly needs to  charge. I don't know what to do! 😭
I need help but I don't know how to ask/don't know many people. This is a nightmare.. a lonely dark one.😔",arashidragoness.bsky.social,1,0,0,LEVEL_1_AWARE,2025-04-03T23:29:51.311Z,job search nightmare,layoff_watch
at://did:plc:xp3txmviwa3cygkb6vdjedwk/app.bsky.feed.post/3lvzbqj4yq22t,"Then there's me. I've had jobs. I've lived ""alone"". I'm currently at the whim of others and can't for the life of me figure out what's next for me so I sit in online purgatory all day. My job search has become a nightmare of websites that use old school porn tactics. Referral after referral.",kwullums.bsky.social,1,1,0,LEVEL_1_AWARE,2025-08-10T02:54:28.408Z,job search nightmare,layoff_watch
at://did:plc:mspfwuzgrhhldnufkuchxni3/app.bsky.feed.post/3lgxyhysktk2m,"Job search websites have become a fucking joke. Absolutely riddled with AI Trainer ""jobs"" to the point where actually finding what you're looking for becomes difficult. We're building a fucking living nightmare and we need to burn it all to the fucking ground",burndownwork.bsky.social,1,0,0,LEVEL_1_AWARE,2025-01-30T17:18:05.023Z,job search nightmare,layoff_watch
at://did:plc:vw52vae3k4dlasm2cn2nupx4/app.bsky.feed.post/3l6mkxytwd72q,"Job search taking forever, current job isn't offering enough hours, my bills are piling up and I'm being constantly pestered by bill collectors for credit card debt I just cannot pay right now. Someone please rescue me from this nightmare. X.x",adelio.bsky.social,1,1,0,LEVEL_1_AWARE,2024-10-16T08:55:39.728Z,job search nightmare,layoff_watch
at://did:plc:esv3iryrow5gq5i2roypsycz/app.bsky.feed.post/3lbbbku6rxk2u,"I’m so sorry, the job search is a fucking nightmare. You will find one",litandlife.bsky.social,0,0,0,LEVEL_1_AWARE,2024-11-19T01:23:32.399Z,job search nightmare,layoff_watch
at://did:plc:i33yjocb42jbdn3w77ela2fi/app.bsky.feed.post/3ll5plt7lo22f,Automated systems and job search sites have made job hunting an absolute nightmare.,adamzn.bsky.social,1,1,0,LEVEL_1_AWARE,2025-03-24T21:35:54.641Z,job search nightmare,layoff_watch
at://did:plc:cocbzgm7jfu6awwsxizfxiqq/app.bsky.feed.post/3lojn5ms6es23,"Chairing a search committee is so much work! Of course it's not as stressful as being on the job market as a candidate, but the entire faculty hiring system is a nightmare for everyone involved.",kellylwatson.bsky.social,5,1,0,LEVEL_1_AWARE,2025-05-06T19:39:42.407Z,job search nightmare,layoff_watch
at://did:plc:lxzhwyki266zupz6uwbehl7z/app.bsky.feed.post/3m3bwu4won22a,The whole market search and submission tetris nightmare is one of the main reasons I don't write short fiction. It's like an entire second job! And when I already have 2 paying jobs plus writing... Better to focus my energy on writing novels.,exaggerated.bsky.social,1,0,0,LEVEL_1_AWARE,2025-10-16T04:39:34.459Z,job search nightmare,layoff_watch
at://did:plc:xjnk2cxwtgs2fyfbgpemw4uv/app.bsky.feed.post/3lx3oxkeg7c2w,"Migrants? I can't get a GP's appointment or proper healthcare, PIP is in the toilet, job search is an absolute nightmare, wages are a joke, my rent is exploding, as are prices for food, water, electricity, but SURE, let's talk about migrants!",berserkerkitten.bsky.social,1,1,0,LEVEL_1_AWARE,2025-08-23T19:21:34.330Z,job search nightmare,layoff_watch
at://did:plc:6uj77fm3dyufipck7tpxnc6z/app.bsky.feed.post/3m44gxlnf3k2y,"Things get even wilder. In 2003, Staggs, the man initially believed to be Iger's successor, saved his life by doing the Heimlich maneuver after he choked on a piece of chicken. But despite being widely admired at the company, he was dropped & purged in 2016 due to a vague ""lack of vision.""",reylossance.bsky.social,0,1,0,LEVEL_1_AWARE,2025-10-26T17:37:03.600Z,job search nightmare,layoff_watch
at://did:plc:izts2kivuhetjzxbptjl3pif/app.bsky.feed.post/3lsrlula5pie2,"Show HN: Escape Rope – an open-source, self-hosted Tinder clone for jobs So, a while ago, I built crawlers to automate my job search, because job boards are a nightmare. I wanted to stop seeing r...


Origin | Interest | Match",firefox.activitypub.awakari.com.ap.brid.gy,0,0,0,LEVEL_1_AWARE,2025-06-29T20:23:12.000Z,job search nightmare,layoff_watch
at://did:plc:777d7xzcefrgovt2oioyqfo7/app.bsky.feed.post/3m3pvqhiars2i,"being forced to be on linkedin is a nightmare. half the posts are ""we hate designers because we have ai now, what are YOU doing to stay relevant???"" which totally definitely makes me feel good about my job search",astrolodee.bsky.social,2,1,0,LEVEL_1_AWARE,2025-10-21T17:56:53.898Z,job search nightmare,layoff_watch
at://did:plc:7w262qfuh6r753uz26arigod/app.bsky.feed.post/3kstw52g6lk2g,"thank you. yeah it's really a low blow. I am better now but jeez this one hurts.

i feel like the boot of capitalism is on my neck, trying to get me to quit being selective in my job search and just take anything... fuck this timeline is a nightmare.",nakou.bsky.social,1,1,0,LEVEL_1_AWARE,2024-05-19T14:01:37.217Z,job search nightmare,layoff_watch
at://did:plc:fffhwgzi3hbqcldrqaj2w6ij/app.bsky.feed.post/3ld4kiqxnvk24,Entry-level job search in the tech world is a nightmare 😭,figiment.bsky.social,0,0,0,LEVEL_1_AWARE,2024-12-12T15:10:30.151Z,job search nightmare,layoff_watch
at://did:plc:yv2ai4oqb3sqyix2nnpcw7yw/app.bsky.feed.post/3lmi4httzjs2w,"In the nightmare landscape of today’s job market, there’s a fundamental imbalance that needs addressing: too many job search platforms charge fees to those who can least afford them — the unemployed and job seekers.  bit.ly/42GlNTO
#employee #JOBSEEK #Jobs #womenintech @womenintech.bsky.social",mocktertl.bsky.social,0,0,0,LEVEL_1_AWARE,2025-04-10T18:18:08.717Z,job search nightmare,layoff_watch
at://did:plc:acl7fufukmxvthntnary7s2h/app.bsky.feed.post/3m23mkibglk2g,I guess I should clarify that feeds are fine but to prioritize them over practical networking and job search has just made that place a self-inflicted nightmare of people who post about how much they love their bosses for higher visibility so they can get recruited for more money elsewhere 😵‍💫🔄,emotionengine.rip,3,0,0,LEVEL_1_AWARE,2025-09-30T22:54:03.327Z,job search nightmare,layoff_watch
at://did:plc:ehuhqykt7zx5c25ftucfrwoj/app.bsky.feed.post/3lol2xkhy2c2b,"job search anxiety so bad I got a nightmare abt being bitten three times by a clearly poisonous and INCREDIBLY aggressive gecko that was chasing me around for miles

(it might have been defending a nest. two nests. two very clearly bird nests, with bird eggs)",motherofpigeons.bsky.social,3,1,0,LEVEL_1_AWARE,2025-05-07T09:19:30.773Z,job search nightmare,layoff_watch
at://did:plc:7w262qfuh6r753uz26arigod/app.bsky.feed.post/3mcnqjkwtck2k,"thanks the goddess I'm not crazy about this. this is a nightmare already for junior devs since manager thinks ai can do a better job than them but without SO or reliable search engines... jeez....

(and that without talking about how aibots-baby-fed those new devs will be...)",nakou.bsky.social,1,0,0,LEVEL_1_AWARE,2026-01-17T23:14:35.848Z,job search nightmare,layoff_watch
at://did:plc:k4p2bwsw26j5uwgnpbywwwqn/app.bsky.feed.post/3mejj5mjxvk2d,contract (probably) ends at the end of this month and the job search has been a nightmare. How do I find another tech job without wanting to off myself?,oooooooooooooooooooooooooooooooooooooooooooooooooooooooooe.cc,6,0,0,LEVEL_1_AWARE,2026-02-10T17:42:22.983Z,job search nightmare,layoff_watch
at://did:plc:upo73lgpqvqfjzpcjjahf5dy/app.bsky.feed.post/3m6wp3ad5tk2j,"What is not here is making it easier to find work. The job search is a nightmare for the young, and surely on average older people will be less familiar with the technology and the process?",realthomasbell.bsky.social,1,0,0,LEVEL_1_AWARE,2025-12-01T15:01:52.350Z,job search nightmare,layoff_watch
at://did:plc:q7ubhxduikwue3sx66wxnxhw/app.bsky.feed.post/3lonytxx6622o,I'm so sick of people asking me about my job search can they fucking stop already?! Its the only thing everyone is asking. I feel like I'm in a nightmare and can't wake up. I genuinely don't want to talk to anyone anymore bc of that,trivialovesbts.bsky.social,6,2,0,LEVEL_1_AWARE,2025-05-08T13:19:42.409Z,job search nightmare,layoff_watch
at://did:plc:yh7pbggcbif4ao7opwuuz6nc/app.bsky.feed.post/3lecvquwpss22,"The Linkedin job market is a nightmare.

""Where must we go, we who wander this wasteland, in search of our better selves?”",jacobkinch.bsky.social,3,0,1,LEVEL_1_AWARE,2024-12-27T21:13:03.968Z,job search nightmare,layoff_watch
at://did:plc:h4mka5ibirnj76gryy3fcq2v/app.bsky.feed.post/3lvbfrb6icc2o,"Gotta admit. It's quite fun to work on a card game, but than your irl job life haunts you to search a job...

I understand anyone taking a crappy job, because jobless is a nightmare.",peppekzmagimerlin.itch.io,1,0,0,LEVEL_1_AWARE,2025-07-31T15:02:34.869Z,job search nightmare,layoff_watch
at://did:plc:ebb5wnbwebbtwg7eaguuhdta/app.bsky.feed.post/3leb7us52h22d,I guess this means it's back to square one with the job search. That means I've not had a rest from job searching for eight months now. When does this nightmare end? And when will I be able to pay rent on time again? Our lease ends in May and I'm positive my roomie will want to part ways...,chikinstu.bsky.social,5,1,0,LEVEL_1_AWARE,2024-12-27T05:08:53.175Z,job search nightmare,layoff_watch
at://did:plc:7htpzfmklyhxabiei7wrm7ls/app.bsky.feed.post/3mfu4egzge22h,White “leftist” who went on a rant about lesser-qualified (in his mind) Black people getting jobs that he deserved agrees with the Epstein and the Jews column,bwtrainer.bsky.social,0,0,0,LEVEL_1_AWARE,2026-02-27T16:18:02.181Z,job search nightmare,layoff_watch
at://did:plc:afj3o7yatzf64x5gekjalbad/app.bsky.feed.post/3llsftdao4c2e,"I hate this for you, and it's so common and so demoralizing. All my resume folks talk about what a nightmare it is, and I've seen the same in my area with my kid's job search. ""They"" say just bring in a paper resume, and then companies don't allow it. It's ridiculous.",srslymagenta.bsky.social,1,0,0,LEVEL_1_AWARE,2025-04-02T03:07:03.421Z,job search nightmare,layoff_watch
at://did:plc:izts2kivuhetjzxbptjl3pif/app.bsky.feed.post/3lsrj24wjh6h2,"Show HN: Escape Rope – an open-source, self-hosted Tinder clone for jobs So, a while ago, I built crawlers to automate my job search, because job boards are a nightmare. I wanted to stop seeing r...


Origin | Interest | Match",firefox.activitypub.awakari.com.ap.brid.gy,0,0,0,LEVEL_1_AWARE,2025-06-29T20:23:12.000Z,job search nightmare,layoff_watch
at://did:plc:l3kigemrppm6vh7z7eozw47f/app.bsky.feed.post/3mi55nnwqsc2s,"I applied for a job with background search,had passport and license. They said license didn’t count because it wasn’t enhanced. Go back and get BC. BC doesn’t match my passport. Then said bring SS card. No photo on it, anyone could photocopy but that’s what they accepted. Voting will be a nightmare.",maladamus.bsky.social,1,1,0,LEVEL_1_AWARE,2026-03-28T17:25:26.070Z,job search nightmare,layoff_watch
at://did:plc:gkwhkppknr3avptzhh4d5rec/app.bsky.feed.post/3lxmco6xgzk2f,"Discover how forming a ""Job Search Council"" with 4-6 fellow job seekers transforms the isolating nightmare of career hunting into a supportive journey. Get emotional support, expand networks, negotiate better offers, and land roles 83% faster. #JobSearch #CareerChange

paminy.com/why-is-a-lon...",cheinyeanlim.bsky.social,0,0,0,LEVEL_1_AWARE,2025-08-30T09:56:51.031Z,job search nightmare,layoff_watch
at://did:plc:lxj7yqljftjpqw5f3webe25d/app.bsky.feed.post/3mdfw5qr3o22r,"Using natural language for anything that requires a precise outcome is a fundamentally bad idea imo. There's too much ambiguity. I come at it mostly from teaching people to search w/boolean etc as part of my job, and it's a nightmare now people are used to typing in whole sentences!",mongreldog.bsky.social,3,1,0,LEVEL_1_AWARE,2026-01-27T13:59:15.473Z,job search nightmare,layoff_watch
at://did:plc:jz76moju2rr3uor5zxcx2h2u/app.bsky.feed.post/3ktbxqth5cb2k,I had a nightmare last night that I was hired into a new job but I had 3 different people from different departments come to show me how to do subtraction correctly because I had messed up at least 3 times. That's job search stress right there.,cottagecoregoblin.bsky.social,0,0,0,LEVEL_1_AWARE,2024-05-25T04:07:54.311Z,job search nightmare,layoff_watch
at://did:plc:7lyrihdidvc3csk3jxhy6qnp/app.bsky.feed.post/3lcw3srxxds24,"When I finished grad school and had no secondary school teaching experience, my job search was a cakewalk. When I had six years of teaching experience and tried to move to LA in a tight labor market, it was a protracted nightmare with absolutely rancid vibes.",exadyto.bsky.social,3,1,0,LEVEL_1_AWARE,2024-12-10T01:31:42.195Z,job search nightmare,layoff_watch
at://did:plc:jhv3aicryp6jgyp4o64463jv/app.bsky.feed.post/3lv4zm4ayrc2z,"The job market is a fking nightmare:
- LinkedIn is not a job search marketplace; it is a shtty social media site. It could have been a tremendous national asset if it instead decided to be a legitimate clearing house
- Resume text parsing has not improved in 10+ yrs. And AI is making it worse",artielazarus.bsky.social,1,0,0,LEVEL_1_AWARE,2025-07-29T21:14:18.080Z,job search nightmare,layoff_watch
at://did:plc:bsjeuufhykfmqw2o6ygxhkjc/app.bsky.feed.post/3lax35rdkbk25,"Well I'm trying anyway 😂😂 

Hugs back at you and ugh extra for the job search nightmare",deserthooker.bsky.social,1,0,0,LEVEL_2_STRUGGLING,2024-11-15T00:02:13.367Z,job search nightmare,layoff_watch
at://did:plc:tg36xj4i4foqnddz36igefem/app.bsky.feed.post/3ltfl66yzy22o,"@linkedin.com  What happened to LinkedIn? I haven't been on it in 5 yrs, but starting a new job search now, and the platform is a NIGHTMARE! Created a new profile, uploaded whole resume & photo, then next day locked out, made to give them my drivers lic, confirmed verification, now STILL LOCKED OUT?",alignalltheway.bsky.social,1,1,0,LEVEL_1_AWARE,2025-07-07T19:59:33.207Z,job search nightmare,layoff_watch
at://did:plc:oxplkzuausfufk5dthatrd5m/app.bsky.feed.post/3m3s2javcx225,"Got solicited for an AI job hunting service that not only finds the jobs but APPLIES TO THEM FOR YOU, what a nightmare. Anyway now I have to move to Bangalore because the AI signed a contract making me the night manager of a textile factory.",mikebarthelauthor.com,3,1,0,LEVEL_1_AWARE,2025-10-22T14:27:40.285Z,job search nightmare,layoff_watch
at://did:plc:ulgghazffkoyoeyobrur6pdi/app.bsky.feed.post/3liaqa62jsc2o,"(here are those third-hand screenshots, with alt text)",cockamamied.bsky.social,2,0,0,LEVEL_1_AWARE,2025-02-15T22:09:41.419Z,job search nightmare,layoff_watch
at://did:plc:irdoppe3majw23bjz5ywebri/app.bsky.feed.post/3k3c3x73sj62e,Still going through job search Hell. Constantly applying every day with no results for 7 months and now my unemployment is up. The brutal part is no one responds to the majority of jobs I have applied to. It’s an absolute nightmare.,mstrfantastic.bsky.social,2,0,0,LEVEL_1_AWARE,2023-07-24T19:18:21.815Z,job search nightmare,layoff_watch
at://did:plc:b6avubahzf5qnthkgkoljxv5/app.bsky.feed.post/3maeqylrhak2q,"Been telling people with office jobs for years at this point: regardless of your industry, if you want to know how bad your company or job search is going to be next year, watch gaming industry news from this year. It all gets a nightmare pilot in games and then rolls out to every other office job.",highgainlowmood.bsky.social,2,0,0,LEVEL_1_AWARE,2025-12-19T22:38:39.138Z,job search nightmare,layoff_watch
at://did:plc:jm7mtvhhcdu4uyrhqxwh7tnp/app.bsky.feed.post/3m4t6xsyvds2z,"Reading a chapter about MLMs and remembering my horror when I unknowingly encountered them on my job search.
They were ""career opportunities"" that seemed specifically designed to be my worst nightmare.

Retail is hard enough, but you want me to GO FIND people IN THE WILD to sell things to?",scarletvmitchell.bsky.social,7,1,0,LEVEL_1_AWARE,2025-11-04T18:45:15.380Z,job search nightmare,layoff_watch
at://did:plc:ttgkkl4nfdknjnyrydxdj6je/app.bsky.feed.post/3lqgtdxbzhk25,"speaking as a professional, we r already in dystopia. I havent seen such a lack of empathy in managers 4 testing software ever before. automation *gutted* testing bad

theres 600 applicants to every job and the requirements are a nightmare, to the point where most people gotta soul search deep",hulkgamecrit.bsky.social,1,2,0,LEVEL_1_AWARE,2025-05-31T03:43:01.230Z,job search nightmare,layoff_watch
at://did:plc:ykefor7jjw3cignoe5vuk4lt/app.bsky.feed.post/3m56hb3ftbk2k,"I’ve only dipped my toe into the job search and it’s already a fucking nightmare. there are only the most mind-numbing positions for the worst possible people

I don’t even want to do anything lucrative, I just want to be useful. like, to people, not to a company",charlottereads.com,58,5,2,LEVEL_1_AWARE,2025-11-09T06:12:53.239Z,job search nightmare,layoff_watch
at://did:plc:fxzd5277so73zk3uxvlpzrg6/app.bsky.feed.post/3lk7rreakek2n,"Grants are often in response to RFAs (Request for Applications). That means the government solicited grants on climate change and then, when the administration changed flipped to ""guess what? there IS NO climate change!"" they accused the applicants of fraud.",exceedhergrasp1.bsky.social,167,6,85,LEVEL_1_AWARE,2025-03-12T23:54:55.601Z,500 applications no response,layoff_watch
at://did:plc:ndjyym3ihrqu3g25gdztefrv/app.bsky.feed.post/3mjsa5vodln23,"Parts 1-2/2 — EFTA02705329.jpg
#epsteinweb #efta02705329
https://epsteinweb.org
Available in the iOS app store now!
https://apps.apple.com/us/app/epstein-web/id6758880661",epsteinweb.bsky.social,0,0,0,LEVEL_1_AWARE,2026-04-18T20:01:24.404782Z,500 applications no response,layoff_watch
at://did:plc:ndjyym3ihrqu3g25gdztefrv/app.bsky.feed.post/3mk6slnv6n527,"Parts 1-2/2 — EFTA00186844.jpg
#epsteinweb #efta00186844
https://epsteinweb.org
Available in the iOS app store now!
https://apps.apple.com/us/app/epstein-web/id6758880661",epsteinweb.bsky.social,0,0,0,LEVEL_1_AWARE,2026-04-23T20:03:10.216722Z,500 applications no response,layoff_watch
