search_term,video_id,url,title,description_snippet,published_date,view_count,crisis_keywords,category,notes
subscription fatigue,pc4MgspmiUs,https://www.youtube.com/watch?v=pc4MgspmiUs,Subscription Fatigue Is Bleeding Americans Dry,Subscription Fatigue Is Bleeding Americans Dry Popular Video Content: US News: - http://bit.ly/USworldnews Stocks ...,2025-12-16,8637,,LEVEL_1_AWARE,
subscription fatigue,_gFZlavRrgM,https://www.youtube.com/watch?v=_gFZlavRrgM,Everything‚Äôs a Subscription Now üò°,"Subscription fatigue, gaming news, streaming rant, Xbox Game Pass price increase, Netflix, Hulu, Microsoft, corporate greed, ...",2025-10-16,535,,LEVEL_1_AWARE,
subscription fatigue,UvOCgHMTk5Q,https://www.youtube.com/watch?v=UvOCgHMTk5Q,Dollars &amp; Sense: Subscription Fatigue ‚Äì You Want Me to Pay for What?,"Last month we did a story on streaming fatigue, the idea that streaming platforms, launched initially as inexpensive add-ons to ...",2025-11-18,62,,LEVEL_1_AWARE,
subscription fatigue,k_foozZdRW0,https://www.youtube.com/watch?v=k_foozZdRW0,WTF episode 26 Subscription Fatigue,This episode looks at subscription fatigue and how easily people lose track of automatic payments. Angela Heise explains how ...,2025-12-10,9,,LEVEL_1_AWARE,
subscription fatigue,d_Pv3XwSaX0,https://www.youtube.com/watch?v=d_Pv3XwSaX0,Watching Your Wallet: Subscription fatigue,"Well, you might be feeling it, subscription fatigue. That's being tired of all the little costs that add up. For more Local News from ...",2025-10-21,29,,LEVEL_1_AWARE,
subscription fatigue,Bi9e1gRAcQU,https://www.youtube.com/watch?v=Bi9e1gRAcQU,Watching Your Wallet: Subscription Fatigue,Watching Your Wallet: Subscription Fatigue For more Local News from KFYR: https://www.kfyrtv.com/ For more YouTube Content: ...,2025-10-15,6,,LEVEL_1_AWARE,
subscription fatigue,Lz3ViMWdawQ,https://www.youtube.com/watch?v=Lz3ViMWdawQ,Subscription fatigue is finally come for the NBA‚Ä¶ and my wallet. #nba #basketball #expensive,,2025-10-27,584,,LEVEL_1_AWARE,
subscription fatigue,RokhIiPkI-I,https://www.youtube.com/watch?v=RokhIiPkI-I,Fighting subscription fatigue,Subscription prices are continuing to rise and many people not only frustrated but also in a bind For more Local News from WBTV: ...,2025-10-14,199,,LEVEL_1_AWARE,
subscription fatigue,8_RjoDYdNWA,https://www.youtube.com/watch?v=8_RjoDYdNWA,Subscription fatigue leading some to unsubscribe,"They start small ‚Äî just a few dollars a month ‚Äî but before long, subscriptions can quietly drain hundreds from your wallet.",2025-10-07,73,,LEVEL_1_AWARE,
subscription fatigue,v-t8UtdFKto,https://www.youtube.com/watch?v=v-t8UtdFKto,Subscription fatigue is real people! #gamingcommunity #podcast #gaming #xbox #gamepass,,2025-10-14,281,,LEVEL_1_AWARE,
subscription fatigue,FkmGjA3L7tg,https://www.youtube.com/watch?v=FkmGjA3L7tg,The $273 Subscription Trap: 5 Ways to Beat Fatigue &amp; Boost ARR,"In this video, Akhil breaks down the hidden truth behind subscription fatigue and why it's not a consumer problem, but a pricing ...",2025-11-24,12,,LEVEL_1_AWARE,
subscription fatigue,Po7iUT8drss,https://www.youtube.com/watch?v=Po7iUT8drss,"Top 5 Modern Problems That Shouldn‚Äôt Exist (Password Fatigue, Subscription Burnout &amp; More) #shorts","We live in the future ‚Äî AI, self-driving cars, and smart tech everywhere ‚Äî yet we're still stuck with the dumbest problems.",2025-10-24,663,,LEVEL_1_AWARE,
subscription fatigue,b9hk9YzahzQ,https://www.youtube.com/watch?v=b9hk9YzahzQ,Rethinking AI Pricing: Moving Beyond Subscription Fatigue,Get the most recent Practical AI Playbooks to Use Today: https://pagemotor.com/email-list/ And Watch LIVE every Friday at 11am ...,2025-10-29,57,,LEVEL_1_AWARE,
subscription fatigue,EvwE2-QIojI,https://www.youtube.com/watch?v=EvwE2-QIojI,Why Is Subscription Fatigue Hitting Gen Z Streaming Culture? - Gen Z Unfiltered,Why Is Subscription Fatigue Hitting Gen Z Streaming Culture? Have you ever wondered why so many young people are feeling ...,2025-10-27,6,,LEVEL_1_AWARE,
subscription fatigue,tz9PQCq44ik,https://www.youtube.com/watch?v=tz9PQCq44ik,"The Subscription Economy is Breaking: Why Fatigue, and Click-to Cancel are Changing Everything","The Subscription Economy is Breaking: Why Fatigue, Churn, and 'Click-to-Cancel' Are Changing Everything Are you ...",2025-12-14,62,,LEVEL_1_AWARE,
too many subscriptions,-WI6TVBcw_0,https://www.youtube.com/watch?v=-WI6TVBcw_0,Too many subscriptions draining your wallet?,"Too many subscriptions draining your wallet? Track, review, and cut the ones you don't use ‚Äî all in one place. Stay in control ...",2025-10-10,95,,LEVEL_1_AWARE,
too many subscriptions,lxJG6FBo9h8,https://www.youtube.com/watch?v=lxJG6FBo9h8,Microsoft f*cked up real bad..,Asmongold Clips / Asmongold Reacts To: Microsoft just revamped Xbox Game Pass plans and massively hiked Ultimate to $29.99 ...,2025-10-02,2383779,,LEVEL_1_AWARE,
too many subscriptions,R8sMY0QD6jU,https://www.youtube.com/watch?v=R8sMY0QD6jU,Too Many Subscriptions   30sec ACIS Spec Ad,This is a completely spec ad for ASICS. We've been testing a number of AI tools and here's what we produced. This is all AI ...,2025-11-30,80,,LEVEL_1_AWARE,
too many subscriptions,0N0VGGTDFhE,https://www.youtube.com/watch?v=0N0VGGTDFhE,Dont really need a brand new car! Too many subscriptions. #game #knowledge,,2025-10-19,902,,LEVEL_1_AWARE,
too many subscriptions,BJteDn8dOuo,https://www.youtube.com/watch?v=BJteDn8dOuo,My Reaction I Got You have too many subscriptions compared to your number of subscribers Again L,,2025-12-11,118,,LEVEL_1_AWARE,
too many subscriptions,sIOnRtePsHc,https://www.youtube.com/watch?v=sIOnRtePsHc,Subscription Services: Are They Worth The Money? #shorts,"Too many streaming subscriptions? They're cable TV with extra steps and more money. Users are tired of paying for ads, even ...",2025-10-24,8,,LEVEL_1_AWARE,
too many subscriptions,WFbPcA9aA2o,https://www.youtube.com/watch?v=WFbPcA9aA2o,There&#39;s Too Many F%&amp;-ing Ads,Thanks to Huel for sponsoring this video! Get 15% off Huel's newest and existing products by heading to ...,2025-10-19,470626,,LEVEL_1_AWARE,
too many subscriptions,dl6ndi-lD9Q,https://www.youtube.com/watch?v=dl6ndi-lD9Q,There too many subscriptions,,2025-10-06,911,,LEVEL_1_AWARE,
too many subscriptions,lo7j8-onQAY,https://www.youtube.com/watch?v=lo7j8-onQAY,Too many subscriptions,Canceling is for quitters. I subscribe to everything: -47 AI tools I used once. -Dating apps draining the card. -Paying monthly to ...,2025-11-15,997,,LEVEL_1_AWARE,
too many subscriptions,gMkAWfqFIhI,https://www.youtube.com/watch?v=gMkAWfqFIhI,Paying for too many subscriptions? Rotate them ‚Äî one at a time to save money.,,2025-10-29,59,,LEVEL_1_AWARE,
too many subscriptions,iOvfPlR7zl4,https://www.youtube.com/watch?v=iOvfPlR7zl4,Report: Some Disney+/Hulu users canceled subscriptions over Kimmel&#39;s suspension,"KTLA consumer reporter David Lazarus reports for Consumer Confidential on Sept. 22, 2025. Watch KTLA streaming live on the ...",2025-09-23,23414,,LEVEL_1_AWARE,
too many subscriptions,RuRCzXJdYoY,https://www.youtube.com/watch?v=RuRCzXJdYoY,Is Netflix DRAINING $1200 From Your Wallet Without You Knowing?,Is Netflix draining $1200 from your wallet without you even realizing it? What feels like a small monthly fee can silently add up ...,2025-10-02,95,,LEVEL_1_AWARE,
too many subscriptions,uWjox33E_gc,https://www.youtube.com/watch?v=uWjox33E_gc,Why Everyone&#39;s Quitting Streaming Services Again | Return Of Piracy,"The golden age of streaming is over. With Netflix, Disney+, HBO Max, Amazon Prime, and dozens of new platforms fighting for ...",2025-09-26,1318,,LEVEL_1_AWARE,
too many subscriptions,4e-oY1eLoHk,https://www.youtube.com/watch?v=4e-oY1eLoHk,you have too many subscriptions compared to your number of subscribers,,2025-10-29,94,,LEVEL_1_AWARE,
too many subscriptions,dA3sLNnLaQQ,https://www.youtube.com/watch?v=dA3sLNnLaQQ,you have too many subscriptions compared to your number of subscribers,,2025-10-27,70,,LEVEL_1_AWARE,
streaming service overload,pLw1m4tW5kA,https://www.youtube.com/watch?v=pLw1m4tW5kA,Subscription Overload: Are Streaming Services Worth It? #shorts,"Monthly subscriptions add up fast. Netflix, Apple One... those services get you. By the end of the month, it's over $100 gone.",2025-10-01,842,,LEVEL_1_AWARE,
streaming service overload,z7riFX8owU8,https://www.youtube.com/watch?v=z7riFX8owU8,How Can I Discover New Shows Without Subscription Overload? - Trend Unwrapper,How Can I Discover New Shows Without Subscription Overload? Are you looking for ways to enjoy new shows without having to ...,2025-09-24,0,,LEVEL_1_AWARE,
streaming service overload,Im5S8O2hCeU,https://www.youtube.com/watch?v=Im5S8O2hCeU,NBA Overload: Why Streaming Is Killing the Game? #shorts,The overabundance of streaming services and NBA greed leads fans to piracy due to financial strain and confusion. How many ...,2025-10-16,355,,LEVEL_1_AWARE,
streaming service overload,GZPr9fJG1wA,https://www.youtube.com/watch?v=GZPr9fJG1wA,Streaming is OVERWHELMING! Why Netflix is LOSING Viewers! #shorts,"Streaming services are reshaping how people watch content, leading to format innovations and content overload. This shift ...",2025-10-23,1926,overwhelming,LEVEL_2_FRUSTRATED,
streaming service overload,8G-EzDxRW84,https://www.youtube.com/watch?v=8G-EzDxRW84,Piracy Is The Logical Solution To Streaming Overload,This video explores why digital piracy is making a comeback in the modern streaming era. As streaming services multiply and ...,2025-11-04,1,,LEVEL_1_AWARE,
streaming service overload,NiWKjKfEqLE,https://www.youtube.com/watch?v=NiWKjKfEqLE,They ruined BO7 Zombies...,xQc reacts to the new Black Ops 7 Zombies game play on stream.,2025-10-05,1395022,,LEVEL_1_AWARE,
streaming service overload,iUb0eXI6nzg,https://www.youtube.com/watch?v=iUb0eXI6nzg,Fetch Access: The Affordable Solution to Subscription Overload,"With rising subscription costs, Australian families are seeking budget-friendly entertainment options. Fetch TV introduces Fetch ...",2025-12-01,4,,LEVEL_1_AWARE,
streaming service overload,04DB2W5_7Cw,https://www.youtube.com/watch?v=04DB2W5_7Cw,üí• Action &amp; Fan-Service Overload! Wild Anime You Won‚Äôt Believe Exists ‚ö°üî• #animeaddicts #ActionAnime,Looking for anime that brings high-octane battles and cheeky fan-service? These action-packed ecchi series deliver explosive ...,2025-09-23,5661,,LEVEL_1_AWARE,
streaming service overload,u3t9ByfstBw,https://www.youtube.com/watch?v=u3t9ByfstBw,Choice Overload,Ever feel overwhelmed by too many options? This video dives into the fascinating psychological phenomenon known as 'choice ...,2025-10-13,71,,LEVEL_1_AWARE,
streaming service overload,sJeYa96KMJU,https://www.youtube.com/watch?v=sJeYa96KMJU,üöÄ OVERLOAD üöÄ,This is what happens when you stand still and let life pile up on you ‚Äì one ball at a time. At first it's fun. Then it's overwhelming.,2025-10-02,16635,overwhelming,LEVEL_2_FRUSTRATED,
streaming service overload,Mao0xTNLHM8,https://www.youtube.com/watch?v=Mao0xTNLHM8,Synapse Overload out now on all major streaming services! #newtrackalert #siliconsimian #darkwave,Synapse Overload... out now on all major streaming services! All clips created by @f.charm48 Thank you so much for your ...,2025-10-17,533,,LEVEL_1_AWARE,
streaming service overload,tqvwo8Mh3lA,https://www.youtube.com/watch?v=tqvwo8Mh3lA,Water Tank Level Indicator with LED &amp; Buzzer,"Water Tank Level Indicator with LED & Buzzer In this YouTube Shorts video, I am showing how to make a Water Tank Level ...",2025-10-02,519038,,LEVEL_1_AWARE,
streaming service overload,xH0vdbvywNM,https://www.youtube.com/watch?v=xH0vdbvywNM,The Surprising Danger of Having Too Many Choices #behavioraleconomics #cognitivebias #decisionmaking,Ever stood in a supermarket aisle staring at a wall of options until your brain just... froze? Or scrolled endlessly through streaming ...,2025-10-12,21,,LEVEL_1_AWARE,
streaming service overload,vMrZ9WmgKBo,https://www.youtube.com/watch?v=vMrZ9WmgKBo,"Secret Service discovers SIM farm in New York area, potentially a threat to U.N. #shorts",unitednations #nyc #crime CBS News 24/7 is the premier anchored streaming news service from CBS News and Stations that is ...,2025-09-24,15383,,LEVEL_1_AWARE,
streaming service overload,xAr8yLH8iuQ,https://www.youtube.com/watch?v=xAr8yLH8iuQ,FETCH ACCESS: The Affordable Solution to Subscription Overload?,"With rising subscription costs, Australian families are seeking budget-friendly entertainment options. Fetch TV introduces Fetch ...",2025-12-01,4,,LEVEL_1_AWARE,
Netflix price increase,4O_lV1KSUCA,https://www.youtube.com/watch?v=4O_lV1KSUCA,The Rise and Fall of Netflix ‚Äî The Price of Chasing Profit Over Its Core Values,"Once hailed as the pioneer of modern streaming, Netflix now faces a crossroads. In this video, we explore The Rise and Fall of ...",2025-10-25,71134,,LEVEL_1_AWARE,
Netflix price increase,Zl2dCIXsaYc,https://www.youtube.com/watch?v=Zl2dCIXsaYc,Netflix Subscribers Prepare for Another Price Hike,Netflix wants to spend over $50 billion to buy Warner Bros. Discovery. But here's the problem: subscribers already feel like they're ...,2025-09-21,53,,LEVEL_1_AWARE,
Netflix price increase,kjK8ODdvbxQ,https://www.youtube.com/watch?v=kjK8ODdvbxQ,Why Netflix could be facing decelerating growth.,"About Yahoo Finance: Yahoo Finance provides free stock ticker data, up-to-date news, portfolio management resources, ...",2025-10-23,16099,,LEVEL_1_AWARE,
Netflix price increase,ZQOtlR07bz0,https://www.youtube.com/watch?v=ZQOtlR07bz0,Netflix Buying Warner Bros Could Cost You More!,,2025-12-06,2679,,LEVEL_1_AWARE,
Netflix price increase,oZJtYfsqrwE,https://www.youtube.com/watch?v=oZJtYfsqrwE,PC Price Increase Dates and % | 9850X3D Bench Leak | Intel Comeback? | Bye 1080 Ti | Netflix Games,"Save hours every week with your calendars, tasks, and assistant. All in one place. Built for founders, operators, and obsessed ...",2025-12-06,25070,,LEVEL_1_AWARE,
Netflix price increase,KEFWDy1NGH8,https://www.youtube.com/watch?v=KEFWDy1NGH8,netflix price increase #netflix #movie #tvshows #news,,2025-12-11,741,,LEVEL_1_AWARE,
Netflix price increase,ZMk6FS9-ofI,https://www.youtube.com/watch?v=ZMk6FS9-ofI,Netflix Adds Ads &amp; Raises Prices: Our Reaction! #shorts,Netflix did what?! Ads *and* price hikes? One user shares their disbelief and their close call with upgrading. Is it worth it to avoid ...,2025-12-17,1851,,LEVEL_1_AWARE,
Netflix price increase,IlkCrdk07QA,https://www.youtube.com/watch?v=IlkCrdk07QA,Netflix &amp; Hulu Prices UP - Time to Pirate Everything!,We are tired of the price increases.,2025-10-01,888,,LEVEL_1_AWARE,
Netflix price increase,lxJG6FBo9h8,https://www.youtube.com/watch?v=lxJG6FBo9h8,Microsoft f*cked up real bad..,Asmongold Clips / Asmongold Reacts To: Microsoft just revamped Xbox Game Pass plans and massively hiked Ultimate to $29.99 ...,2025-10-02,2383779,,LEVEL_1_AWARE,
Netflix price increase,URc6x959VAA,https://www.youtube.com/watch?v=URc6x959VAA,Every Major Streaming Service Price Increase This Year (&amp; What&#39;s Rising In 2026),"Every Major Streaming Service Price Increase This Year (& What's Rising In 2026) . - If you feel great, please support the author ...",2025-11-21,1,,LEVEL_1_AWARE,
Netflix price increase,5XbW4MCjZgE,https://www.youtube.com/watch?v=5XbW4MCjZgE,Netflix is Loosing Millions,"Netflix isn't just battling competitors‚Äîit's battling mixed signals. When the message is unclear about who it's for, why prices are ...",2025-10-17,1706,,LEVEL_1_AWARE,
Netflix price increase,7fT9WNbBc54,https://www.youtube.com/watch?v=7fT9WNbBc54,HBO Max is increasing prices on all their subscription plans. #hbomax #price #increase #streaming,Subscribe to IGN for more! http://www.youtube.com/user/IGNentertainment?sub_confirmation=1 #IGN.,2025-10-21,36378,,LEVEL_1_AWARE,
Netflix price increase,y8khHMJM7RU,https://www.youtube.com/watch?v=y8khHMJM7RU,Netflix prices on the rise?,"Netflix is reportedly eyeing a deal to buy Warner Bros, which could turn it into one of the biggest media empires in the world.",2025-10-27,150,,LEVEL_1_AWARE,
Netflix price increase,HVHwB8dV7RY,https://www.youtube.com/watch?v=HVHwB8dV7RY,Why Netflix Bills Keep Rising (It&#39;s NOT Inflation!),Ever wonder why your Netflix subscription price increases every year? It's not just inflation! Find out the real reasons behind ...,2025-09-30,791,,LEVEL_1_AWARE,
Netflix price increase,Wl_Xnp5iiKI,https://www.youtube.com/watch?v=Wl_Xnp5iiKI,Netflix Just Announced a 10-for-1 Stock Split ‚Äî Might Buy HBO Next üëÄ,Netflix Inc. (NASDAQ: NFLX) made headlines this week after announcing a 10-for-1 stock split and reportedly exploring a bid to ...,2025-10-31,10647,,LEVEL_1_AWARE,
can't afford subscriptions,IGdeT_8-jw4,https://www.youtube.com/watch?v=IGdeT_8-jw4,"If You Don‚Äôt Have $3,900 Invested, You Can‚Äôt Afford Netflix üò≥üí∏ | The Real Cost of Subscriptions!",Ever thought about your Netflix bill in investment terms? This clip breaks down how a $13/month subscription actually costs you ...,2025-10-23,1043,,LEVEL_1_AWARE,
can't afford subscriptions,x1CF4eGJNHE,https://www.youtube.com/watch?v=x1CF4eGJNHE,Gen Z Can&#39;t Afford Houses: The Math Behind the Crisis,The average Gen Z worker needs 15 YEARS to save for a down payment. Boomers needed 3 years. This is the math that broke ...,2025-12-03,655,,LEVEL_1_AWARE,
can't afford subscriptions,LnfWBPORgnc,https://www.youtube.com/watch?v=LnfWBPORgnc,Why Average People CAN&#39;T Afford Homes Anymore... | Brandon Turner,"OpusClip: Try 1 week FREE and get 50% off your first 3 months at https://opus.pro/icedcoffeehour Video From ‚ñª ""99% Will Lose ...",2025-10-21,37263,,LEVEL_1_AWARE,
can't afford subscriptions,fie5vbUXYPM,https://www.youtube.com/watch?v=fie5vbUXYPM,MIDDLE CLASS Americans Can‚Äôt Afford Steak @ $40 Lb!!! INSANE!!! Going Broke Buying Groceries!!!,,2025-12-20,1861,going broke,LEVEL_3_CRISIS,
can't afford subscriptions,C2LvvbsG77s,https://www.youtube.com/watch?v=C2LvvbsG77s,Americans CAN&#39;T AFFORD Food and Are Getting Desperate ‚Äî It‚Äôs Worse Than Anyone Realizes,Millions of Americans are struggling to afford basic groceries as prices skyrocket across the country. From food shortages to ...,2025-10-20,7223,,LEVEL_1_AWARE,
can't afford subscriptions,SDNh8n8se-k,https://www.youtube.com/watch?v=SDNh8n8se-k,America&#39;s Rental Crisis Is Out of Control ‚Äî Millions Can‚Äôt Afford a Place to Live,"America's rental crisis is exploding in 2025, and the signs are becoming impossible to ignore. Rent prices are rising faster than ...",2025-12-09,62577,out of control,LEVEL_2_FRUSTRATED,
can't afford subscriptions,3DOPQxZmqMk,https://www.youtube.com/watch?v=3DOPQxZmqMk,"My Parents Told Me, ‚ÄúSorry ‚Äî We Just Can‚Äôt Afford A Gift For Your Kid This Year.‚Äù I Said...","My Parents Told Me, ‚ÄúSorry ‚Äî We Just Can't Afford A Gift For Your Kid This Year.‚Äù I Said, ‚ÄúI Understand.‚Äù The Very Next Day, I Saw ...",2025-11-30,5047,can't afford,LEVEL_3_CRISIS,
can't afford subscriptions,MFMP9vud8sY,https://www.youtube.com/watch?v=MFMP9vud8sY,"Google is trying AI glasses again. This time, they can‚Äôt afford to be weird.",Why Google is re entering the AI glasses market a decade later. Google's planned return to smart glasses comes after its first ...,2025-12-19,1847,,LEVEL_1_AWARE,
can't afford subscriptions,8vGSN8LOQgo,https://www.youtube.com/watch?v=8vGSN8LOQgo,They‚Äôre blaming Trump because they can‚Äôt afford food,Polling shows nearly half of Americans struggling to afford groceries and a majority blaming Donald Trump for worsening prices ...,2025-12-13,114198,,LEVEL_1_AWARE,
can't afford subscriptions,ad7OsDl_7L0,https://www.youtube.com/watch?v=ad7OsDl_7L0,Why YOU CAN&#39;T AFFORD Groceries in 2025,2nd Channel @ZacV2 My TikTok https://www.tiktok.com/@zacrios?_t=ZT-90LyuVCSxLr&_r=1 Chapters 0:00 Subscribe!,2025-10-14,359263,,LEVEL_1_AWARE,
can't afford subscriptions,wc0UWCCLb7w,https://www.youtube.com/watch?v=wc0UWCCLb7w,Boomers Can‚Äôt Afford to Retire (So They‚Äôre Leaving America),"For free and unbiased Medicare help, dial 212-931-0858 to speak with my trusted partner, Chapter, or go to ...",2025-10-24,103048,,LEVEL_1_AWARE,
can't afford subscriptions,YcTxOha1gK8,https://www.youtube.com/watch?v=YcTxOha1gK8,Pov:- You Can&#39;t Afford Netflix Subscription...!! #spongebob #shorts,Owner - @Current_OP Second Channel - @ss_movies-j7u This Shorts Show You What Till The End About this shorts - This ...,2025-12-07,38312,,LEVEL_1_AWARE,
can't afford subscriptions,Md6GJc3oH9E,https://www.youtube.com/watch?v=Md6GJc3oH9E,"BROKE Defendant Can‚Äôt Even Pay $2,000 ‚Äî Judge STUNNED! #shorts #courtroomdrama #karma",BROKE Defendant Can't Even Pay $2000 ‚Äî Judge STUNNED! #shorts #courtroomdrama #karma.,2025-12-18,15885,,LEVEL_1_AWARE,
can't afford subscriptions,GnE8C-7aHP8,https://www.youtube.com/watch?v=GnE8C-7aHP8,You Can‚Äôt Afford That,,2025-12-19,973,,LEVEL_1_AWARE,
can't afford subscriptions,4AUYZPPlUz4,https://www.youtube.com/watch?v=4AUYZPPlUz4,Can‚Äôt pay your back taxes for more IRS agent explains what you should do,,2025-12-19,912,,LEVEL_1_AWARE,
subscription audit,TPeklEA3I-g,https://www.youtube.com/watch?v=TPeklEA3I-g,The Subscription Audit Challenge - I Found $42 in 5 Minutes,I checked my subscriptions and found $42 in stuff I forgot I was paying for. Here's how to do your own 5-minute subscription audit ...,2025-10-20,794,,LEVEL_1_AWARE,
subscription audit,Vm4FfTqfGzA,https://www.youtube.com/watch?v=Vm4FfTqfGzA,What Is A Subscription Audit And How Does It Work? - Ultimate Life Hacks,What Is A Subscription Audit And How Does It Work? Have you ever wondered how to keep track of all your paid subscriptions ...,2025-09-26,2,,LEVEL_1_AWARE,
subscription audit,LcF0ZaYgPJQ,https://www.youtube.com/watch?v=LcF0ZaYgPJQ,Gr√ºns Post-Subscription Email Flow Audit: What They Got Right &amp; What You Should Copy,Watch this video next: https://youtu.be/lZFRpjGa6_s Get a FREE Audit of Your eCom Brand here: ...,2025-10-01,211,,LEVEL_1_AWARE,
subscription audit,oz59hBURPiM,https://www.youtube.com/watch?v=oz59hBURPiM,The One-Click Subscriptions Audit Hack,A quick daily life hack that saves money by auditing subscriptions each month and turning off what's not needed. Clear steps and ...,2025-10-17,35,,LEVEL_1_AWARE,
subscription audit,2wJnxPhY390,https://www.youtube.com/watch?v=2wJnxPhY390,Subscription Audit: Find &amp; Cancel Hidden Recurring Charges Draining Your Money,Discover how to find and eliminate forgotten subscriptions that are quietly draining hundreds of dollars from your accounts every ...,2025-10-01,27,,LEVEL_1_AWARE,
subscription audit,KqRCS9GMMNU,https://www.youtube.com/watch?v=KqRCS9GMMNU,I Spent HOW MUCH on Subscriptions?! (October Audit),I saved ¬£150 by cancelling my subscriptions - in this video I go track my subscription expenses and do a full audit on the unused ...,2025-11-08,114,,LEVEL_1_AWARE,
subscription audit,QxcNnsFtfAQ,https://www.youtube.com/watch?v=QxcNnsFtfAQ,Netflix for CPAs? Chris Vanover‚Äôs CPA Club Starts the Subscription Revolution - EP13 Dr. Naddy&#39;s BBB,"Business, Biceps, and BS Show Notes Netflix for CPAs? Chris Vanover's CPA Club Starts the Subscription Revolution - Episode ...",2025-12-11,24,,LEVEL_1_AWARE,
subscription audit,L6iv1T2r6GU,https://www.youtube.com/watch?v=L6iv1T2r6GU,Subscription Audit for Young Finances,An episode breaking down how recurring subscriptions quietly drain a budget and how to reclaim control with a simple audit.,2025-09-23,60,,LEVEL_1_AWARE,
subscription audit,l-GJsUdcfH8,https://www.youtube.com/watch?v=l-GJsUdcfH8,The Subscriptions Audit and the Five Percent Rule,"A practical episode showing how auditing subscriptions and small daily tweaks can unlock meaningful savings, with real-life ...",2025-10-06,100,,LEVEL_1_AWARE,
subscription audit,V-N9IX8O070,https://www.youtube.com/watch?v=V-N9IX8O070,How Much Could a Subscription Audit Save You? #smallbusinesstips #shorts,Canceling unused subscriptions helps small business owners cut unnecessary costs and keep their budgets lean. Those small ...,2025-10-18,80,,LEVEL_1_AWARE,
subscription audit,ilN3RPB93VA,https://www.youtube.com/watch?v=ilN3RPB93VA,How Can A Subscription Audit Help Me Travel Cheaper? - Pocket Friendly Adventures,How Can A Subscription Audit Help Me Travel Cheaper? Are you looking for ways to save more money on your travels?,2025-10-21,0,,LEVEL_1_AWARE,
subscription audit,jRjGeLNyKqk,https://www.youtube.com/watch?v=jRjGeLNyKqk,Crush Your Subscriptions: A 24 Hour Audit for Gen Z,"A quick, practical audit of subscriptions that slam dunk savings for Gen Z and young adults. #PersonalFinance #Budgeting ...",2025-10-14,7,,LEVEL_1_AWARE,
subscription audit,OX05-J1V9U0,https://www.youtube.com/watch?v=OX05-J1V9U0,Stop Wasting Money: Audit Your Subscriptions,Are sneaky subscriptions draining your wallet? Learn how to reclaim your cash and spend smarter. #LifeHacks #SmartMoney ...,2025-10-02,42,,LEVEL_1_AWARE,
subscription audit,ovJQ7DAPTXM,https://www.youtube.com/watch?v=ovJQ7DAPTXM,These Subscriptions Are Making You Poor (Lazy Wealth Audit),"You're bleeding money and don't even realize it. Those ""small"" monthly subscriptions add up to thousands per year‚Äîmoney that ...",2025-10-13,70,,LEVEL_1_AWARE,
subscription audit,aBQXqAwnM-k,https://www.youtube.com/watch?v=aBQXqAwnM-k,When Should I Audit My Family&#39;s Subscriptions?,Wondering when it's the right time to take a close look at your family's subscriptions and start saving money? This video tackles ...,2025-11-24,0,,LEVEL_1_AWARE,
canceling subscriptions,TST-7of_xkA,https://www.youtube.com/watch?v=TST-7of_xkA,Cancel Your Xbox Gamepass Subscription,Xbox is moving towards a Cloud-gaming future that nobody wants. It's time to drop the shilling and the excuses if you value your ...,2025-10-05,14553,,LEVEL_1_AWARE,
canceling subscriptions,SAiw5XgM8SQ,https://www.youtube.com/watch?v=SAiw5XgM8SQ,CANCEL YOUR NINTENDO ONLINE SUBSCRIPTION,"Nintendo is putting the gaming industry at risk and it's time to take action, cancel your Nintendo switch Online Subscription to ...",2025-09-26,53025,,LEVEL_1_AWARE,
canceling subscriptions,cwJPshCG-Vc,https://www.youtube.com/watch?v=cwJPshCG-Vc,How to Cancel Perplexity AI Subscription !,"If this video helped you, consider supporting me by buying me a coffee: https://coff.ee/bimalbasnet Learn how to cancel your ...",2025-11-27,192,,LEVEL_1_AWARE,
canceling subscriptions,TKp7cx8kwh4,https://www.youtube.com/watch?v=TKp7cx8kwh4,Tutorial: How to cancel your Spotify subscription,"Join up, get to work, and let's go win this thing together: https://linktr.ee/indivisibleteam ----- Indivisible is a national grassroots ...",2025-10-28,43716,,LEVEL_1_AWARE,
canceling subscriptions,MqKGEaicWYA,https://www.youtube.com/watch?v=MqKGEaicWYA,"How to Cancel Scribd Subscription (Free Trial, 2025)","In this video, I show you How to Cancel Scribd Subscription Free Trial in 2025. The quick & easy tutorial review how to cancel ...",2025-10-27,550,,LEVEL_1_AWARE,
canceling subscriptions,iOvfPlR7zl4,https://www.youtube.com/watch?v=iOvfPlR7zl4,Report: Some Disney+/Hulu users canceled subscriptions over Kimmel&#39;s suspension,"KTLA consumer reporter David Lazarus reports for Consumer Confidential on Sept. 22, 2025. Watch KTLA streaming live on the ...",2025-09-23,23414,,LEVEL_1_AWARE,
canceling subscriptions,P-XmtP5e3IM,https://www.youtube.com/watch?v=P-XmtP5e3IM,Why you shouldn‚Äôt cancel Game Pass,"In this clip from our livestream, Taurean breaks down why Xbox Game Pass is still worth it ‚Äî even after Microsoft's big price ...",2025-10-04,7441,,LEVEL_1_AWARE,
canceling subscriptions,h1Xtv-rw9bc,https://www.youtube.com/watch?v=h1Xtv-rw9bc,Xbox Game Pass CRASHES as Gamers Rush to Cancel their Memberships!,xbox #gamepass #gamingnews #gaming #microsoft #technews #tyronemagnus #reaction #reactions ...,2025-10-01,78190,,LEVEL_1_AWARE,
canceling subscriptions,cyUHhdN5-9Y,https://www.youtube.com/watch?v=cyUHhdN5-9Y,Many are canceling their Netflix subscription including Elon musk,,2025-10-01,50476,,LEVEL_1_AWARE,
canceling subscriptions,KaFqsH-jWaI,https://www.youtube.com/watch?v=KaFqsH-jWaI,Thousands Cancel Subscriptions As Xbox Raises Membership Prices By 50%,Thousands Cancel Subscriptions As Xbox Raises Membership Prices By 50% #xbox #subscription #gaming #videogames ...,2025-10-06,4787,,LEVEL_1_AWARE,
canceling subscriptions,28q2lTB12_8,https://www.youtube.com/watch?v=28q2lTB12_8,Stop ShortMax Billing: Complete Guide to Cancel Subscriptions,"cancel shortmax subscription, stop shortmax billing, shortmax cancel tutorial, shortmax app subscription, shortmax weekly pass, ...",2025-11-26,543,,LEVEL_1_AWARE,
canceling subscriptions,Y4JdVwAJtTw,https://www.youtube.com/watch?v=Y4JdVwAJtTw,Woke Netflix transgender show causes mass subscription cancellation,Sky News host Rowan Dean has reacted to a wave of Netflix subscription cancellations following the creator of a transgender ...,2025-10-06,28526,,LEVEL_1_AWARE,
canceling subscriptions,i0o3omCFdzw,https://www.youtube.com/watch?v=i0o3omCFdzw,Why Is Canceling Subscriptions SO Hard?,"Ever tried canceling a subscription and felt like it's impossible? That's not an accident. In this video, I break down the 5 dark ...",2025-09-26,38,,LEVEL_1_AWARE,
canceling subscriptions,tgvS_yve1XQ,https://www.youtube.com/watch?v=tgvS_yve1XQ,Xbox Are PUNISHING You For Cancelling GamePass,Get up to 76% off a two year plan and three free months when you sign up to NordVPN here: ...,2025-10-07,135697,,LEVEL_1_AWARE,
canceling subscriptions,3wk0ESjC4Ig,https://www.youtube.com/watch?v=3wk0ESjC4Ig,&#39;Cancel Netflix&#39; Why Does Elon Musk Want You To Cancel Your Netflix Subscription-Explained | #shorts,'Cancel Netflix' Why Does Elon Musk Want You To Cancel Your Netflix Subscription-Explained | #shorts #netflix #elonmusk ...,2025-10-02,26783,,LEVEL_1_AWARE,
subscription burnout,Po7iUT8drss,https://www.youtube.com/watch?v=Po7iUT8drss,"Top 5 Modern Problems That Shouldn‚Äôt Exist (Password Fatigue, Subscription Burnout &amp; More) #shorts","We live in the future ‚Äî AI, self-driving cars, and smart tech everywhere ‚Äî yet we're still stuck with the dumbest problems.",2025-10-24,663,,LEVEL_1_AWARE,
subscription burnout,_gFZlavRrgM,https://www.youtube.com/watch?v=_gFZlavRrgM,Everything‚Äôs a Subscription Now üò°,"Subscription fatigue, gaming news, streaming rant, Xbox Game Pass price increase, Netflix, Hulu, Microsoft, corporate greed, ...",2025-10-16,535,,LEVEL_1_AWARE,
subscription burnout,lmA3EjhQOhI,https://www.youtube.com/watch?v=lmA3EjhQOhI,"Subscription burnout is REAL. This software offers the ultimate &#39;Pay Once, Own Forever&#39; trade: ar...","It's fascinating to see a software model built around a single, upfront license fee that truly secures access indefinitely. For users ...",2025-12-15,62,,LEVEL_1_AWARE,
subscription burnout,msQDvv0u3zw,https://www.youtube.com/watch?v=msQDvv0u3zw,The Shocking Truth Behind The Legal Industry&#39;s Burnout Problem,"Burnout in the legal profession isn't just common ‚Äî it's reaching crisis levels. Long hours, relentless pressure, and mounting ...",2025-11-11,121,,LEVEL_1_AWARE,
subscription burnout,tcNU6MF8CuA,https://www.youtube.com/watch?v=tcNU6MF8CuA,I Upgraded SUBSCRIBERS Accounts In Steal A Brainrot!,Today i upgraded my subscribers steal a brainrot accounts. Make sure you watch the whole video to find out what happens.,2025-10-16,4180961,,LEVEL_1_AWARE,
subscription burnout,noaaBh3RJ_o,https://www.youtube.com/watch?v=noaaBh3RJ_o,Free steal a brainrot private server  #roblox #stealabrainrot,https://www.roblox.com/share?code=11caed05f4820f4e99df59bf95dde787&type=Server.,2025-09-27,1257141,,LEVEL_1_AWARE,
subscription burnout,mM4GwIru-jE,https://www.youtube.com/watch?v=mM4GwIru-jE,HOW TO GET STACKED SERVERS ‚úÖ #stealabrainrot #roblox,,2025-09-26,5776097,,LEVEL_1_AWARE,
subscription burnout,eE7zh9MCvDg,https://www.youtube.com/watch?v=eE7zh9MCvDg,This Is What Happens When You Go AFK In Steal a Brainrot!,I almost got all the rarest Brainrots in Roblox Steal a Brainrot! This video is a trending meme and showcases some funny Roblox ...,2025-10-24,342755,,LEVEL_1_AWARE,
subscription burnout,Vs0DQE6aNeY,https://www.youtube.com/watch?v=Vs0DQE6aNeY,The Best Fusion in Plants VS Brainrots...,Subscribe if you Play Plants VS Brainrots! #roblox #plantsvsbrainrots #shorts.,2025-10-07,2555955,,LEVEL_1_AWARE,
subscription burnout,AOrMKmuusYM,https://www.youtube.com/watch?v=AOrMKmuusYM,I Started a Viral Gluten-Free Subscription Box in My Basement (and Nearly Lost It All),"When I launched Love Me Gluten Free from my basement, I had no idea what I was getting into. I faced inventory shortages, ...",2025-10-13,172,,LEVEL_1_AWARE,
subscription burnout,Ohi1PuWvDWE,https://www.youtube.com/watch?v=Ohi1PuWvDWE,Tesla&#39;s FREE Upgrade For All Owners!,Protect Your Tesla with Sentry Pro! - https://sentrypro.app.link/rob Tesla has some brand new freebies they are giving away to all ...,2025-10-21,38185,,LEVEL_1_AWARE,
subscription burnout,NSx2wZkYpq8,https://www.youtube.com/watch?v=NSx2wZkYpq8,DID THEY JUST WALK IT OFF?? (SZN 4 Game 2),New Customers Bet $5 Get $300 in Bonus Bets If Your Bet Wins PLUS 3 Months of NBA League Pass! The Crown Is Yours!,2025-10-21,42776,,LEVEL_1_AWARE,
subscription burnout,_VtactIvEgo,https://www.youtube.com/watch?v=_VtactIvEgo,Dealing with Homeschool BURNOUT? Watch This!,Feeling Burned Out With Homeschool? Watch This! Free homeschool downloads: https://bymandymaltz.com/freebies ‚û°Ô∏è Join ...,2025-11-10,1023,,LEVEL_1_AWARE,
subscription burnout,4hs28oDD1lA,https://www.youtube.com/watch?v=4hs28oDD1lA,BE CAREFUL BUYING THIS PROJECT SEKAI ITEM!! üö®üö® #projectsekai,,2025-10-23,87171,,LEVEL_1_AWARE,
subscription burnout,Mi6GgMW4JO8,https://www.youtube.com/watch?v=Mi6GgMW4JO8,"He read 1000 self-help books on how to live, and then his subscription expired.","He read 1000 self-help books on how to live, and then his subscription expired. Enjoyable shorts are uploaded every day Please ...",2025-09-29,166,,LEVEL_1_AWARE,
subscription trap,zCOrAalJhBA,https://www.youtube.com/watch?v=zCOrAalJhBA,"The ‚ÄúSubscription‚Äù Trap, Explained","Welcome to our deep dive into The ‚ÄúSubscription‚Äù Trap! In this video, we explore the hidden costs of the subscription economy, ...",2025-10-31,210,,LEVEL_1_AWARE,
subscription trap,-N1Ce1s5610,https://www.youtube.com/watch?v=-N1Ce1s5610,Why You Don‚Äôt Own Anything Anymore (Subscription Trap Explained),You used to BUY things. Now you pay forever. Photoshop. Movies. Music. Cloud storage. Even cars. So what changed?,2025-12-19,2348,,LEVEL_1_AWARE,
subscription trap,WMblM9o4IIU,https://www.youtube.com/watch?v=WMblM9o4IIU,Adobe‚Äôs Subscription TRAP: Why Creators Are Finally Quitting,"Adobe has built a billion-dollar empire ‚Äî but at what cost to creators? In this video, we expose how Adobe's ‚Äúsubscription-only‚Äù ...",2025-10-19,282,,LEVEL_1_AWARE,
subscription trap,iPap-_RDM3o,https://www.youtube.com/watch?v=iPap-_RDM3o,The Subscription Trap ‚Äì How Big Tech Turned Ownership Into Rent,"Subscriptions were supposed to make life easier. But Big Tech figured out how to turn convenience into dependence, and ...",2025-11-14,4195,,LEVEL_1_AWARE,
subscription trap,FcQuYI3EjbI,https://www.youtube.com/watch?v=FcQuYI3EjbI,SUBSCRIPTION TRAP,"POV: You only have $5 left in your account, but you have 18 active subscriptions. Welcome to Beautiful Poverty.",2025-12-12,0,,LEVEL_1_AWARE,
subscription trap,tgYTcRpcv1s,https://www.youtube.com/watch?v=tgYTcRpcv1s,The Subscription Trap: How We Stopped Owning Anything and Started Renting Everything,BMW tried to charge monthly fees for heated seats in cars customers already bought. Adobe won't sell you Photoshop ...,2025-12-19,0,,LEVEL_1_AWARE,
subscription trap,gDLjI5xnLR4,https://www.youtube.com/watch?v=gDLjI5xnLR4,Claude Desktop Review 2025: Best AI Productivity Tool or Overpriced Subscription Trap?,Is Claude Desktop the ultimate AI productivity tool in 2025 or just another expensive subscription? In this comprehensive Claude ...,2025-10-23,20,,LEVEL_1_AWARE,
subscription trap,0MgxqlmwMes,https://www.youtube.com/watch?v=0MgxqlmwMes,MyIQ.com Review: Legit Test or Subscription Trap? (2025),Check Current Price on Amazon: https://amzn.to/3I8udfq Bookmark & Use for ANY Amazon Purchase (Supports Channel): ...,2025-11-12,579,,LEVEL_1_AWARE,
subscription trap,eGbM5Wn9OZ8,https://www.youtube.com/watch?v=eGbM5Wn9OZ8,Sutara App Review: Legit Buddhist Stories or Subscription Trap? (2025),Check Current Price on Amazon: https://amzn.to/3I8udfq Bookmark & Use for ANY Amazon Purchase (Supports Channel): ...,2025-11-14,203,,LEVEL_1_AWARE,
subscription trap,-2Eb8dAY-3M,https://www.youtube.com/watch?v=-2Eb8dAY-3M,"The $9.99 Subscription Trap: How ‚ÄúJust One More‚Äù Costs You $1,200/Year","""You're not spending $10. You're spending $1200 a year on stuff you forgot you even have. That meditation app you opened ...",2025-12-18,0,,LEVEL_1_AWARE,
subscription trap,YSrZ-CdnJ8Y,https://www.youtube.com/watch?v=YSrZ-CdnJ8Y,The Subscription Trap No One Saw Coming,How did streaming get so expensive? Why does Game Pass cost double what it used to? This video breaks down how the ...,2025-10-11,1846,,LEVEL_1_AWARE,
subscription trap,k8MPZRM8IjM,https://www.youtube.com/watch?v=k8MPZRM8IjM,The Subscription Trap,Don't get trap in a subscription. NOTE: I am the original creator of this video with some assistance from AI.,2025-10-05,6,,LEVEL_1_AWARE,
subscription trap,m50xT2lD2Vk,https://www.youtube.com/watch?v=m50xT2lD2Vk,DansGaming EXPOSES the Subscription Trap! üí∏üì∫üéÆ,https://www.youtube.com/@Twitchclipsonly?sub_confirmation=1 DansGaming breaks down how Game Pass raised prices by ...,2025-10-24,225,,LEVEL_1_AWARE,
subscription trap,cKXAiqk13ro,https://www.youtube.com/watch?v=cKXAiqk13ro,How We All Fell for the Subscription Trap,"The world is changing from Netflix to Spotify, from Xbox Game Pass to Disney+, and ownership is being replaced by access.",2025-11-02,261,,LEVEL_1_AWARE,
subscription trap,Yf4SkeCp46Y,https://www.youtube.com/watch?v=Yf4SkeCp46Y,The Subscription Trap,"I tried to cancel a streaming subscription, but they hid the cancel button like it was national treasure. After ten minutes of clicking, ...",2025-10-14,30,,LEVEL_1_AWARE,
subscriptions out of control,Xv6q3gcHro0,https://www.youtube.com/watch?v=Xv6q3gcHro0,why I‚Äôm cancelling ALL my subscription services,"Subscription services are out of control and ruining our lives, which is why I'm setting a goal to take my subscriptions down to ...",2025-11-30,9754,out of control,LEVEL_2_FRUSTRATED,
subscriptions out of control,2LjxPnQ5pAI,https://www.youtube.com/watch?v=2LjxPnQ5pAI,Subscriptions Are Out of Control!,"BMW wanted to charge a monthly subscription fee for heated seats. That's right, rent your own car features. Subscriptions have ...",2025-10-13,79,out of control,LEVEL_2_FRUSTRATED,
subscriptions out of control,1LekqHV8-hk,https://www.youtube.com/watch?v=1LekqHV8-hk,Subscriptions Are Getting Out Of Control‚Ä¶ üò°,truedialogue #caketraining #marriageproposals #jaidmeel #rinkujha #roblox #shorts #robloxedits #robloxvideos #robloxrant ...,2025-09-30,1470,out of control,LEVEL_2_FRUSTRATED,
subscriptions out of control,C7aRd2HU4uY,https://www.youtube.com/watch?v=C7aRd2HU4uY,How Do I Find All My Hidden Monthly Subscriptions? - Ultimate Life Hacks,How Do I Find All My Hidden Monthly Subscriptions? Are you unsure about all the subscriptions you're paying for each month?,2025-10-26,31,,LEVEL_1_AWARE,
subscriptions out of control,Q9P-373GZJE,https://www.youtube.com/watch?v=Q9P-373GZJE,The Silent Money Leak: How Subscriptions Are Draining Your Wallet Without You Noticing,"Are your subscriptions quietly draining your money every month? In this video, we break down the hidden crisis of the subscription ...",2025-12-09,13,,LEVEL_1_AWARE,
subscriptions out of control,dr4YkRIL004,https://www.youtube.com/watch?v=dr4YkRIL004,Subscription are WAY out of control!! #nfl #football #sports #shorts #streaming #espn,,2025-10-01,5986,out of control,LEVEL_2_FRUSTRATED,
subscriptions out of control,LPmuvP9s1FQ,https://www.youtube.com/watch?v=LPmuvP9s1FQ,Why It‚Äôs IMPOSSIBLE to Cancel Your Subscription,Trying to find the cancel subscription button‚Ä¶ feels like an investigation. But here's the truth The average person wastes $200 ...,2025-10-29,1555,,LEVEL_1_AWARE,
subscriptions out of control,l4lXxUrUrm0,https://www.youtube.com/watch?v=l4lXxUrUrm0,Who Needs Hackers When You Have Big #software ?,"Technology doesn't fail because it doesn't work, and it doesn't fail because your people resist change. It fails because you're ...",2025-10-15,789,,LEVEL_1_AWARE,
subscriptions out of control,86tl-Ekj_1c,https://www.youtube.com/watch?v=86tl-Ekj_1c,"AI Called, Your SaaS is Out of Control","Discover why your SaaS subscriptions are secretly draining your budget and how to fix it. In this eye-opening video, we expose ...",2025-10-03,445,out of control,LEVEL_2_FRUSTRATED,
subscriptions out of control,vp9W-UZ1bYo,https://www.youtube.com/watch?v=vp9W-UZ1bYo,Dropout is going to charge you more money (if you want us to),"When we announced a price increase earlier this year (for new and returning subscribers ONLY), we saw something strange ...",2025-10-21,1405538,,LEVEL_1_AWARE,
subscriptions out of control,V80tHoTfNbs,https://www.youtube.com/watch?v=V80tHoTfNbs,Subscriptions Are Getting Out of Control üò§,,2025-12-06,1559,out of control,LEVEL_2_FRUSTRATED,
subscriptions out of control,6MvMULUyVS8,https://www.youtube.com/watch?v=6MvMULUyVS8,Subscription services are getting out of hand,,2025-10-23,1308,,LEVEL_1_AWARE,
subscriptions out of control,P8rL6_yE6-k,https://www.youtube.com/watch?v=P8rL6_yE6-k,How to Cancel ChatGPT Go Auto-Pay Subscription  (Your Free Plan Will Stay Active Until Next Billing),How to get ChatGPT GO free for 1 Year: https://youtu.be/smUr-jg4dWU If you activated the ChatGPT Go free-for-one-year offer and ...,2025-11-04,20652,,LEVEL_1_AWARE,
subscriptions out of control,MYJRNq6uu_0,https://www.youtube.com/watch?v=MYJRNq6uu_0,The Hidden Trap That is Getting Silly - Car Subscription Features.,"Many car makers are insisting on Subscription Fees, often for things that are already fitted to the car! If your coat required you to ...",2025-12-14,3239,,LEVEL_1_AWARE,
subscriptions out of control,D4AibRlv5fU,https://www.youtube.com/watch?v=D4AibRlv5fU,Why People CAN&#39;T STOP Overspending &amp; Ruining Finances in 2025,2nd Channel @ZacV2 My TikTok https://www.tiktok.com/@zacrios?_t=ZT-90LyuVCSxLr&_r=1 Chapters 0:00 Subscribe!,2025-10-16,421775,,LEVEL_1_AWARE,
