subreddit,post_id,title,selftext_snippet,url,score,num_comments,author,created_date,search_term,category
jobs,1pyem76,Is a bird in the hand really worth two in the bush? Should I go for a new opportunity if it might mess up my current situation?,"Current situation:

J1 at an extremely small business. Ok wage, no benefits, job I was not qualified for, only worked there 7 months. I am autistic and this makes me like god-tier at my responsibilities because I am so detail-oriented and doing anything at all that lacks integrity or is slacking off",https://www.reddit.com/r/jobs/comments/1pyem76/is_a_bird_in_the_hand_really_worth_two_in_the/,0,6,tdickimperator,2025-12-29,wages not keeping up,LEVEL_1_AWARE
jobs,1pqol5b,Was I paid enough?,"Hi everyone, I used to work for a family company in the smoke shop/hemp industry. It was just me, my brother, and one other employee. It was a company based in Florida. My position was store manager. I was paid $18 an hour and only worked about 30 to 34 hours a week. No benefits, no pay time off, no",https://www.reddit.com/r/jobs/comments/1pqol5b/was_i_paid_enough/,0,9,Chasewillis2003,2025-12-19,wages not keeping up,LEVEL_1_AWARE
jobs,1pzuh0s,I'm ready to just give up and become homeless,"I haven't been able to keep a job for more than 2.5 years. I started working when I was 20 and I'm almost 40 now. It's been tough because most of the jobs I lost were due to layoffs or restructuring, rarely were they due to poor performance or other things. Everything I saved or inherited had to be ",https://www.reddit.com/r/jobs/comments/1pzuh0s/im_ready_to_just_give_up_and_become_homeless/,309,89,Fit_Delay3241,2025-12-30,working poor,LEVEL_1_AWARE
jobs,1plq1j3,MMW: social skills will become the new college degree.,"I truly believe that having good social skills - interviewing well, being friendly, and being generally people-oriented - will serve you better than having a paper degree. 

As someone that assists in hiring, the general attitude is that it‚Äôs better to hire someone that‚Äôs agreeable and is capable of",https://www.reddit.com/r/jobs/comments/1plq1j3/mmw_social_skills_will_become_the_new_college/,269,140,FreakInTheTreats,2025-12-13,working poor,LEVEL_1_AWARE
jobs,1pm77fm,Fired after being told an exam was ‚Äújust a learning tool‚Äù - is this normal?,"I was a new hire and required to take an internal ""training"" exam. Beforehand, I was explicitly told it was¬†**just a learning tool**, no pressure, and that people who did poorly were still with the company.

The day before I was fired, I met with a trainer to review it. He said ‚Äúyou did bad,‚Äù made w",https://www.reddit.com/r/jobs/comments/1pm77fm/fired_after_being_told_an_exam_was_just_a/,66,25,No_Archer_2499,2025-12-14,working poor,LEVEL_1_AWARE
jobs,1pu1yxa,[OC] My job search in 2025,"I have been always inspired by similar posts during my research, so I've decided to share mine as well with some personal reccomendation to help you improve your success rates.

Disclaimer: in absolute terms, numbers may seem low, please consider that I work in a quite specific area within the indus",https://www.reddit.com/r/jobs/comments/1pu1yxa/oc_my_job_search_in_2025/,34,13,Acrostico9,2025-12-23,working poor,LEVEL_1_AWARE
jobs,1pour7s,I just got fired from my job - was it my fault?,"26F - I was just fired from one of the most toxic workplaces I‚Äôve ever experienced, and honestly, I‚Äôm relieved ‚Äî but also shocked by how it was handled.

For context, I was a contractor there for six months. The organisation isn‚Äôt bad but this particular team‚Äôs culture is a mess, and everyone knows ",https://www.reddit.com/r/jobs/comments/1pour7s/i_just_got_fired_from_my_job_was_it_my_fault/,31,30,Perfect-Ad539,2025-12-17,working poor,LEVEL_1_AWARE
jobs,1pngcwt,Paycheck is late. 2nd time in 2 months,"I‚Äôve been with this small, family owned company for nearly 6 years. I now work fully remotely for them. The last few years have been very tough financially for the company. I stuck with it hoping things would turn around, but it‚Äôs very apparent that the company is run very poorly and things are not ",https://www.reddit.com/r/jobs/comments/1pngcwt/paycheck_is_late_2nd_time_in_2_months/,27,18,lalabalala923,2025-12-15,working poor,LEVEL_1_AWARE
jobs,1pp5hd7,Leaving a job after 4 months to go back to my old one. Did I mess up?,"I left a project administrator role I held for nearly four years because of underpay and poor leadership, even though I liked the work. I moved to an operations coordinator role at an investment firm for lower stress and future potential, but quickly felt anxious due to unclear expectations and lack",https://www.reddit.com/r/jobs/comments/1pp5hd7/leaving_a_job_after_4_months_to_go_back_to_my_old/,17,7,redditplayer1000,2025-12-17,working poor,LEVEL_1_AWARE
jobs,1pj9lgt,"Told my role would become permanent, exceeded all targets, then blindsided with non-renewal + a reference letter that rewrites my job. What do I do?","I genuinely don‚Äôt know what to make of this situation, and I need outside perspective.

Last year I joined a non-profit as a¬†Fundraising &amp; Community Engagement Coordinator¬†on a¬†1-year contract. From day one, they talked about this role like it was the start of something long-term. They even hire",https://www.reddit.com/r/jobs/comments/1pj9lgt/told_my_role_would_become_permanent_exceeded_all/,16,10,Early-Army-8596,2025-12-10,working poor,LEVEL_1_AWARE
jobs,1pyqoew,Underpaid and overstressed and burned out. Looking for realistic ways to change jobs.,"I‚Äôm looking for practical advice from people who‚Äôve had to change jobs while already burned out.

I‚Äôm currently in an IT role where I‚Äôm underpaid and consistently overloaded, and it‚Äôs started to affect my health. I‚Äôm juggling daily panic attacks, poor sleep, and constant physical stress, and I can't",https://www.reddit.com/r/jobs/comments/1pyqoew/underpaid_and_overstressed_and_burned_out_looking/,14,4,ADashOfStoopid,2025-12-29,working poor,LEVEL_2_STRUGGLING
jobs,1py9pf3,What to do after cybersecurity and military.,"Current 31 years old in military doing IT. My position is basically the pinnacle of the IT field and I couldn't be more unhappy.

Had 3 IT jobs prior and I disliked them too.  Thought joining the military doing IT would be different but it's not. I'm not sure if any IT job will make me feel content.",https://www.reddit.com/r/jobs/comments/1py9pf3/what_to_do_after_cybersecurity_and_military/,15,32,The_Gov_na,2025-12-28,working poor,LEVEL_1_AWARE
jobs,1pur9wi,DONT stop applying for jobs in December,"I have helped over 100 people landed jobs as side hustle in the last 3yrs. A lot of people pause their job search in December, but that‚Äôs often a mistake. Many teams face year-end budget pressure and need to fill headcount before it gets taken away in the new year, which leads to more urgent hires a",https://www.reddit.com/r/jobs/comments/1pur9wi/dont_stop_applying_for_jobs_in_december/,164,33,Accomplished-Pick-95,2025-12-24,side hustle required,LEVEL_2_STRUGGLING
jobs,1pi0xx2,Have you ever resigned and given notice months in advance?,"I am considering resigning with as much as a 6 months notice and willing to leave whenever the company wants. I feel very confident that my company would be very onboard that I could leave after interviewing and training my replacement

In the past I have been given raises and promoted despite threa",https://www.reddit.com/r/jobs/comments/1pi0xx2/have_you_ever_resigned_and_given_notice_months_in/,12,75,Wtt02005,2025-12-09,side hustle required,LEVEL_2_STRUGGLING
jobs,1pl6m1r,Rags to riches to rags I need a job any advice?,"Super long story short. I had a very successful career doing marketing for restaurants, eventually opening my own restaurants. Turned it into a large chain of nearly 10 locations. And then this past July closed my final location. While I was operating all my restaurants, I never had even a high scho",https://www.reddit.com/r/jobs/comments/1pl6m1r/rags_to_riches_to_rags_i_need_a_job_any_advice/,9,9,Cultural-Antelope-86,2025-12-12,side hustle required,LEVEL_1_AWARE
jobs,1prks52,what flexible jobs or side hustle can make me 1k per month?,"Hi everyone. I‚Äôm looking for advice and ideas, and I appreciate anyone who takes the time to read this.

I‚Äôm a full-time sophomore college student. Two months ago, my brother passed away. Since then, it‚Äôs just me, my parents, and my 10-year-old sister living together. Mentally, my parents and my sis",https://www.reddit.com/r/jobs/comments/1prks52/what_flexible_jobs_or_side_hustle_can_make_me_1k/,3,4,IllQuote5225,2025-12-20,side hustle required,LEVEL_2_STRUGGLING
jobs,1q3mhck,Post Vacation Blues. Feeling like I have peaked?,"I turn 40 next year and like many of us back to work after the new year. The males in my family don‚Äôt actually have a great history in terms of making it to 80 so part of me wonders if this should be the year of trying a new life or going through the motions until i croak at 70

Single, still dating",https://www.reddit.com/r/jobs/comments/1q3mhck/post_vacation_blues_feeling_like_i_have_peaked/,2,2,HubbaChubba1,2026-01-04,side hustle required,LEVEL_2_STRUGGLING
jobs,1q4axx4,"Hiring manager said HR would reach out next week, then visa question and silence. What should I do?","Hi everyone, I am looking for some perspective on a situation that has been weighing on me.

I interviewed with my dream company for my dream role and had a conversation with the hiring manager. The interview went extremely well and it genuinely felt like a great fit on both sides. Toward the end, t",https://www.reddit.com/r/jobs/comments/1q4axx4/hiring_manager_said_hr_would_reach_out_next_week/,2,5,Big-Tank-8855,2026-01-04,side hustle required,LEVEL_1_AWARE
jobs,1ptdj6g,"It‚Äôs hard to find a job nowadays, even with experience like working retail from Walmart to Publix to maintenance to even side hustles it really makes me think. Where is the breakthrough you know?",I even went back to my old jobs to ask for a position they kept on turning me down when my work was great and I quit the right way. It‚Äôs crazy how to turn over rate is right now.,https://www.reddit.com/r/jobs/comments/1ptdj6g/its_hard_to_find_a_job_nowadays_even_with/,2,3,H3ll_Bat,2025-12-22,side hustle required,LEVEL_2_STRUGGLING
jobs,1q3y21x,Easiest career transition?,"I‚Äôm almost 30, since I was 20 I‚Äôve been sick, had more surgeries than most. I have nerve issues. I work in construction and the money is good but I‚Äôm always having health set backs like now as I write this. I can‚Äôt work for 3 weeks and it‚Äôs not getting better. I love manual labour, I think if I didn",https://www.reddit.com/r/jobs/comments/1q3y21x/easiest_career_transition/,2,0,New-Competition-9059,2026-01-04,side hustle required,LEVEL_2_STRUGGLING
jobs,1q4tdan,"Comfortable job, unclear direction: how do I make sure I'm not wasting a great early-career opportunity?","I'm in an incredibly fortunate position, where the job I'm currently doing isn't too taxing: I have multiple hours a day spare, and it's not mentally draining either. Having said that, as a highly driven 27 year old, I'm strugglingly with this, as I fear it's not best for my career progression. 



",https://www.reddit.com/r/jobs/comments/1q4tdan/comfortable_job_unclear_direction_how_do_i_make/,1,2,MrSam1998,2026-01-05,side hustle required,LEVEL_2_STRUGGLING
jobs,1q04lr0,Is it worth it to start a music-business side hustle while studying at university?,"I‚Äôm currently a student finishing my IB and preparing to start a degree in International Business/Economics after this summer.

I am a multi-instrumentalist with multiple diplomas. Music is a crucial part of who I am, and I am determined to keep it central to my life during university. I've been loo",https://www.reddit.com/r/jobs/comments/1q04lr0/is_it_worth_it_to_start_a_musicbusiness_side/,1,1,unitedballers_,2025-12-31,side hustle required,LEVEL_2_STRUGGLING
jobs,1phdbn1,I genuinely don‚Äôt understand why Gen Z is getting so much flak in the workplace right now,"I keep seeing people dragging Gen Z for job hopping, not being loyal, or not wanting to grind, and as a 36-year-old mom trying to get back into the career scene, I just really don't get it. Have people actually looked at this job market???

I stepped out for a bit to focus on my kid and when I tried",https://www.reddit.com/r/jobs/comments/1phdbn1/i_genuinely_dont_understand_why_gen_z_is_getting/,3004,563,No-Presentation298,2025-12-08,three jobs,LEVEL_1_AWARE
jobs,1pfh9h7,I sent an email to my employer the first week.,"For context. For two of the days this week I did online training, but I only worked a total of 17 hours this week, working Monday-Friday. I have had three people ""train me"", and none of them could answer these questions, so I emailed the CEO who hired me to follow-up on my first week. 

I accepted t",https://www.reddit.com/r/jobs/comments/1pfh9h7/i_sent_an_email_to_my_employer_the_first_week/,2004,303,No-Link3199,2025-12-06,three jobs,LEVEL_1_AWARE
jobs,1pptill,Fired for Sexual Harassment,"Hi all,

I genuinely want to gain others feedback about a situation that happened to me. I am a black male, 26 years old (if that matters), who recently graduated with his BSW on December 12th. On December 8th I began working at a counseling agency as a parent educator/wellness coach. I took the job",https://www.reddit.com/r/jobs/comments/1pptill/fired_for_sexual_harassment/,623,1063,Fuzzy_Metal_1690,2025-12-18,three jobs,LEVEL_1_AWARE
jobs,1q3j0g0,Work is watching our breaks,"My job has told us that the upper management is watching everyone‚Äôs breaks &amp; lunches to the literal second. My boss pulled me in a meeting to tell me that me &amp; everyone else are being watched. They brought my multiple ‚Äúviolations‚Äù of breaks, being late by mere fucking seconds. It was brought",https://www.reddit.com/r/jobs/comments/1q3j0g0/work_is_watching_our_breaks/,358,127,Dapper_Sprinkles_369,2026-01-04,three jobs,LEVEL_1_AWARE
jobs,1ps0eae,Boss said someone quit because of me,I'm 18 and I currently work at walmart. I recently made a mistake with an online order where I gave  a laptop to the wrong order when they got mixed up. About a week later I got called in the office and they told me that I'll be receiving a coaching for that mistake. A coaching is basically three st,https://www.reddit.com/r/jobs/comments/1ps0eae/boss_said_someone_quit_because_of_me/,209,210,BGNapone,2025-12-21,three jobs,LEVEL_1_AWARE
jobs,1pn8t49,"Great Interview Until - ""What Is Your Salary Expectation?""","I've been out of work for 9 months and have applied to at least 200+ jobs lately. I've had plenty of interviews but due to fierce competition (career is in construction management and is a high stress role), I haven't had any luck. 

One question in particular I think is getting me ruled out is the ",https://www.reddit.com/r/jobs/comments/1pn8t49/great_interview_until_what_is_your_salary/,99,56,kiliam30,2025-12-15,three jobs,LEVEL_1_AWARE
jobs,1q24tja,Started my new job and didn‚Äôt realize how long it actually takes to get paid,"

I feel a little stupid admitting this, but I genuinely didn‚Äôt internalize the gap between starting a job and seeing the first paycheck until I was already in it.

I started a new role recently. Offer signed, onboarding done, first day went fine. I was excited, relieved even. In my head, the stress",https://www.reddit.com/r/jobs/comments/1q24tja/started_my_new_job_and_didnt_realize_how_long_it/,60,33,CommercialDot708,2026-01-02,three jobs,LEVEL_1_AWARE
jobs,1prg6ch,Job wants to reduce my hours after ten years of employment there,"I am at a complete loss. 

I got hired at a company in 2015. It is a retirement home owned by a major company, so there‚Äôs lots of them all over the US. 

I put ten years of my life into this place. I‚Äôm the only one trained in all aspects of the job. I‚Äôve been there way longer than any other employee",https://www.reddit.com/r/jobs/comments/1prg6ch/job_wants_to_reduce_my_hours_after_ten_years_of/,52,38,One-Instruction3738,2025-12-20,three jobs,LEVEL_1_AWARE
jobs,1q2knjl,I took a job because no options,"I was a temp then they hired me on full time. Once no longer a tech, they have been adding responsibility after responsibility that weren‚Äôt in the job description. From customer service to now doing finance and accounting. I feel suicidal every day now from the work itself and the workload that is i",https://www.reddit.com/r/jobs/comments/1q2knjl/i_took_a_job_because_no_options/,3,7,ChemicalAbode,2026-01-02,inflation eating paycheck,LEVEL_3_CRISIS
jobs,1pomi2v,Am I just another lazy Gen Z that doesn‚Äôt want to work or is there something more here?,So I‚Äôve worked by myself my entire life (since I was 16) offering beauty services from the comfort of my home. Once I bought a house had a child did all my adult stuff. I realized it wasn‚Äôt sustainable in the long run &amp; aimed for something bigger. I started creating content for businesses &amp; ,https://www.reddit.com/r/jobs/comments/1pomi2v/am_i_just_another_lazy_gen_z_that_doesnt_want_to/,0,2,Content-Window-5919,2025-12-16,inflation eating paycheck,LEVEL_1_AWARE
jobs,1pp7xkk,"If you are broke, it‚Äôs almost impossible to get a job",The problem I find with the job market is money. If you have none your job opportunities are even more limited. It takes 2 weeks at least to go through interviews. Then you have usually 2 weeks wait until you are paid. If you have no savings you‚Äôre already screwed in the job market. You have to hust,https://www.reddit.com/r/jobs/comments/1pp7xkk/if_you_are_broke_its_almost_impossible_to_get_a/,600,95,Master-Associate673,2025-12-17,no savings,LEVEL_1_AWARE
jobs,1pqxc8z,I'm an inch away from resigning from my new job,"A couple months ago, I left the the security of my old company with whom I'd been for the better part of a decade. I left for a small company of fewer than 20 people. I left full of optimism and excitement as I'd really started to stagnate at my old position. The pay was better, the benefits mostly ",https://www.reddit.com/r/jobs/comments/1pqxc8z/im_an_inch_away_from_resigning_from_my_new_job/,127,57,LonelyMountain_,2025-12-19,no savings,LEVEL_1_AWARE
jobs,1pr3dho,It is so hopeless,I can't find a job to save my life. This week I have not one but two rejections from two different job interviews. Today the rejection that I just gotten it was for a temporary customer service job that doesn't require a college degree just experience which I have and I still didn't get it. I have b,https://www.reddit.com/r/jobs/comments/1pr3dho/it_is_so_hopeless/,56,43,Potential_Leek_981,2025-12-19,no savings,LEVEL_1_AWARE
jobs,1px02vq,"Why is it so hard for me as a student to find a job, specifically a dead end one","For the past two years, I have been looking for jobs that basically don‚Äôt require much experience, like retail/restaurants/fast food that HS/college students work at part-time to make extra cash since I‚Äôm currently a first year college student. Back in December 2022, I snagged a bagging job a grocer",https://www.reddit.com/r/jobs/comments/1px02vq/why_is_it_so_hard_for_me_as_a_student_to_find_a/,51,58,Cr1stian98,2025-12-27,no savings,LEVEL_1_AWARE
jobs,1q38x2g,Quitting with no 2 week notice,"EDIT: Thank you everyone for your responses! I saw some great ways to frame my resignation to attempt to soften the blow. I do agree with everyone that they wouldn't give me the same consideration if they decided to let me go and I thank you all for the reinforcement ‚ù§Ô∏è

I'm just looking for some ad",https://www.reddit.com/r/jobs/comments/1q38x2g/quitting_with_no_2_week_notice/,39,50,WicketTheSavior,2026-01-03,no savings,LEVEL_1_AWARE
jobs,1q3ykdn,Should I quit my job?,"I've been working for my current employer for over seven years in a subsidiary, got promoted twice with a good pay adjustment once and also lead a person since end of 2024 for the first time in my carreer.
The thing ist, over the past three years a lot of people on site got several pay adjustments w",https://www.reddit.com/r/jobs/comments/1q3ykdn/should_i_quit_my_job/,33,11,Jojakin1986,2026-01-04,no savings,LEVEL_1_AWARE
jobs,1q3bzv3,I feel like I'm going crazy,I made the critical misight to leave my job two years ago to focus on my education and I feel like it's the worst decision I've ever made. I've been unable to find a steady job since and I've been surviving off of my family's good grace and the money i get back from community college - but I don't s,https://www.reddit.com/r/jobs/comments/1q3bzv3/i_feel_like_im_going_crazy/,27,40,SoggyAmount5822,2026-01-03,no savings,LEVEL_1_AWARE
jobs,1pzi3ft,Is this an actual interview? Read my post. üò≠,"Last time I scheduled an interview almost exactly like this, it was with McDonald's, and I didnt actually have an interview?? I have never had a job before so please let me know if im doing something wrong.",https://www.reddit.com/r/jobs/comments/1pzi3ft/is_this_an_actual_interview_read_my_post/,24,23,Foreign-Amphibian610,2025-12-30,no savings,LEVEL_1_AWARE
Economy,1pxgbnb,The American Nightmare (Based on a True Story)," The American Nightmare
(Based on a True Story)

Beginning of the End

  In the late 1970s and very early 1980s, a union job at a regional bakery plant could support a solid middle-class life in most of the country: one income, a stay-at-home spouse, a mortgage, two cars, and tuition at a publi",https://www.reddit.com/r/economy/comments/1pxgbnb/the_american_nightmare_based_on_a_true_story/,32,12,Shizzilx,2025-12-27,paycheck to paycheck,LEVEL_2_STRUGGLING
Economy,1ptzo6e,The K Divergence: Two Views of the Same Economy,"**The K Divergence: Two Views of the Same Economy**

**Top of the K: The Asset-Owner Class**  
If you own a home with a low mortgage and a 401(k), life looks great.

* **Wealth Effect:**¬†Rising stocks and home prices make you feel richer, boosting luxury spending.
* **Interest Income:**¬†Higher rates",https://www.reddit.com/r/economy/comments/1ptzo6e/the_k_divergence_two_views_of_the_same_economy/,6,0,BrookStoneNews,2025-12-23,paycheck to paycheck,LEVEL_2_STRUGGLING
Economy,1plo7kj,The Rising Cost of Living Comfortably in America,"**The $106,745 Reality: Understanding America's Cost of Living Crisis**

A single adult without children now needs approximately $106,745 in annual pre-tax income to live comfortably in the United States, according to recent reports. This figure is based on the 50/30/20 budgeting rule, which allocat",https://www.reddit.com/r/economy/comments/1plo7kj/the_rising_cost_of_living_comfortably_in_america/,3,0,katoosh1,2025-12-13,paycheck to paycheck,LEVEL_2_STRUGGLING
Economy,1pi7cb2,Michigan plans state constitution change to ban property taxes forever.,"https://preview.redd.it/v956v48jj66g1.jpg?width=1280&amp;format=pjpg&amp;auto=webp&amp;s=8a05f5d3fd5c820dd635374f2649b5fe534438d3

***Photo above***¬†*- can a complete ban on property taxes in Michigan prevent retirees from getting evicted from Detroit homes like these? We're about to find out . . .*",https://www.reddit.com/r/economy/comments/1pi7cb2/michigan_plans_state_constitution_change_to_ban/,2,2,baltimore-aureole,2025-12-09,paycheck to paycheck,LEVEL_1_AWARE
Economy,1pjy60b,The wealthiest 0.001% of people control 3X more wealth than the bottom 50%. But there‚Äôs a catch . . .,"https://preview.redd.it/g65mme2bzk6g1.jpg?width=1280&amp;format=pjpg&amp;auto=webp&amp;s=466a0075fb1519aed5bf16a754336e9c7c7c6167

***Photo above***¬†*- Al Jazeera, the middle east's pre-eminent news organization, has take the USA to task over ""wealth inequality."" (This photo may be an AI fake, I can",https://www.reddit.com/r/economy/comments/1pjy60b/the_wealthiest_0001_of_people_control_3x_more/,1,1,baltimore-aureole,2025-12-11,paycheck to paycheck,LEVEL_1_AWARE
Economy,1pu3b9g,We're following the path of Argentines,"Argentina is a South-American country; with massive and exploding government debt and no fiscal disciplines whatsoever.

Inflation is so high, that everyone rush to buy groceries on the same day they receive paycheck; because next moment price will be up.

Argentine peso isn't worth the paper it pri",https://www.reddit.com/r/economy/comments/1pu3b9g/were_following_the_path_of_argentines/,0,8,teamyg,2025-12-23,paycheck to paycheck,LEVEL_1_AWARE
Economy,1prhf5d,"Fighting inflation isn't the best way to make life more affordable, some economists say","Every economist cited by the garbage legacy media gets their paycheck signed by those who would prefer to keep Muricans in the dark about the true cause of inflation; namely, the Fed's deranged money printing.",https://www.reddit.com/r/economy/comments/1prhf5d/fighting_inflation_isnt_the_best_way_to_make_life/,0,0,Key_Brief_8138,2025-12-20,paycheck to paycheck,LEVEL_1_AWARE
Economy,1pfojb0,"Should the poverty line be $100,000 a year? $140K? Odell Beckham describes his own struggles to live on $20 million . . .","https://preview.redd.it/0qycpdn8yk5g1.jpg?width=1280&amp;format=pjpg&amp;auto=webp&amp;s=d72d443372055cd81c952b4d6b4c67717abdb358

***Photo above***¬†*- Odell Beckham Jr poses with his Rolls Royce and other cars in his $9 million collection, while explaining why it's impossible to live on $20 million",https://www.reddit.com/r/economy/comments/1pfojb0/should_the_poverty_line_be_100000_a_year_140k/,0,19,baltimore-aureole,2025-12-06,paycheck to paycheck,LEVEL_1_AWARE
Economy,1pic2e1,"This is a disgusting amount of money. 

Families are losing healthcare and can't afford food or basic necessities. 

And the billionaires keep getting richer.",,https://www.reddit.com/r/economy/comments/1pic2e1/this_is_a_disgusting_amount_of_money_families_are/,308,292,Conscious-Quarter423,2025-12-09,can't afford food,LEVEL_3_CRISIS
Economy,1pr7x4k,"If inflation is only 2.7%, why am I paying so much more for meat and coffee?","The latest [**CPI report**](https://www.bls.gov/news.release/pdf/cpi.pdf) has been confusing to some because a 2.7% increase seems absurdly low for some goods. But this figure is only the *weighted* increase across a very wide range of goods, and the variation in increase can be quite high.

Fortuna",https://www.reddit.com/r/economy/comments/1pr7x4k/if_inflation_is_only_27_why_am_i_paying_so_much/,253,104,FidgetyHerbalism,2025-12-20,wages not keeping up,LEVEL_1_AWARE
Economy,1pv8jvx,Evaluating the 4.3% Q3 GDP Growth,"The 4.3% GDP growth reported for Q3 2025 suggests a booming economy, but a closer look at inflation undercounting, mandatory costs, and accounting flukes suggests that the real growth is likely lower, perhaps closer to 1.5% or 2%.

# 1. The Inflation Data Black Hole

The most significant reason to d",https://www.reddit.com/r/economy/comments/1pv8jvx/evaluating_the_43_q3_gdp_growth/,73,49,Tux_Alt,2025-12-25,wages not keeping up,LEVEL_1_AWARE
Economy,1pjoqfi,"Could shifting away from ‚Äúperpetual growth‚Äù help affordability? I‚Äôm curious what people think about the idea of a more stable, steady-state economic model.","Most of us feel the rising cost pressures in day-to-day life ‚Äî housing, groceries, transportation, healthcare, childcare, all of it. It seems like no matter how much wages climb, prices sprint ahead faster. It got me thinking about something I haven‚Äôt seen discussed much:

Is part of our affordabili",https://www.reddit.com/r/economy/comments/1pjoqfi/could_shifting_away_from_perpetual_growth_help/,7,4,Apprehensive_View667,2025-12-10,wages not keeping up,LEVEL_1_AWARE
Economy,1q23pht,The Fix Becomes the Fertilizer. Rate Cuts because of tariffs and automation can‚Äôt grow the economy long term. Jobs will suffer again in 2026 if we massive rate cuts.,"	1.	Liquidity tightens
	2.	Rates are cut to ease stress
	3.	Capital becomes cheaper than labor
	4.	Firms offshore or automate
	5.	Domestic income growth weakens
	6.	Household liquidity deteriorates
	7.	Banks become cautious again
	8.	Liquidity stress returns

The fix becomes the fertilizer. That‚Äôs t",https://www.reddit.com/r/economy/comments/1q23pht/the_fix_becomes_the_fertilizer_rate_cuts_because/,1,3,invisiblemanrrs,2026-01-02,wages not keeping up,LEVEL_1_AWARE
Economy,1pxfttb,The Great Repricing - 2026 Economic Regime Shift and Silver Constraints - R.J.,"**The Great Repricing - 2026 Economic Regime Shift and Silver Constraints - R.J.**

*Not financial advice. Educational / scenario framework only. I could be wrong. Do your own research and talk to a pro if you need personalized guidance.*

**Executive Summary**

This War Room Edition summarizes our ",https://www.reddit.com/r/economy/comments/1pxfttb/the_great_repricing_2026_economic_regime_shift/,1,0,Rontie,2025-12-27,wages not keeping up,LEVEL_1_AWARE
Economy,1q13n3b,'Africa's Che Guevara': Thomas Sankara's legacy,"Captain Thomas Sankara goes beyond Burkina Faso, he is an African and World treasure.

The late president of Burkina Faso, Thomas Sankara - an icon for many young Africans in the 1980s - remains to some a heroic ""African Che Guevara"", 27 years after his assassination at the age of 37.

On October 15",https://www.reddit.com/r/economy/comments/1q13n3b/africas_che_guevara_thomas_sankaras_legacy/,195,17,AfricanMan_Row905,2026-01-01,working poor,LEVEL_1_AWARE
Economy,1ptu0s0,When will Gen-Z crack the code on the Fed's fiat currency fraud and the destruction of the 99 percents' standard of living?,,https://www.reddit.com/r/economy/comments/1ptu0s0/when_will_genz_crack_the_code_on_the_feds_fiat/,146,110,Key_Brief_8138,2025-12-23,working poor,LEVEL_1_AWARE
Economy,1q1f0ox,US need to refinance $8 trillion of US debt in 2026. It will be a bumpy ride towards midterms,"Japan is the biggest foreign creditor of US government... or has been...

China was second, but poor relations with China made China to retreat and buy less US bonds.  After the trade war started, Trump talked to Xi and declared the G2 partnership, but then he published the strategic document where ",https://www.reddit.com/r/economy/comments/1q1f0ox/us_need_to_refinance_8_trillion_of_us_debt_in/,77,41,JoseLunaArts,2026-01-01,working poor,LEVEL_1_AWARE
Economy,1ppzd85,If the top 10 percentile income earners can sustain more than 50 percent of consumption do the working and middle class matter anymore?,"https://www.marketplace.org/story/2025/09/17/top-10-of-earners-make-up-half-of-us-retail-spending

Several angles to look at this the top ten percentile are punching way above their weight class if say one can support 5 or more and at the same time it seems like the economics have been hacked to the",https://www.reddit.com/r/economy/comments/1ppzd85/if_the_top_10_percentile_income_earners_can/,56,46,happydude7422,2025-12-18,working poor,LEVEL_1_AWARE
Economy,1plv9qc,official poverty line is a lie,"Washington says the poverty line for a family is $31,000. 

Investor Mike Green looked into this, the actual number is closer to \~$94,000.

This is an insane gap. 

It exists because the government is doing math from 1963. Back then food was your biggest expense. So they took a grocery bill and mul",https://www.reddit.com/r/economy/comments/1plv9qc/official_poverty_line_is_a_lie/,34,72,mm_newsletter,2025-12-13,working poor,LEVEL_1_AWARE
Economy,1pq44zi,An Economy Propped Up by Luxury Spending Isn‚Äôt as Stable as It Looks,"When economic growth is increasingly driven by the consumption of the wealthy while the majority are spending more just to survive, the economy may look stable on paper but becomes socially unstable in reality.

The wealthy are spending far more than a decade agoüëÄand that's all largely discretionary",https://www.reddit.com/r/economy/comments/1pq44zi/an_economy_propped_up_by_luxury_spending_isnt_as/,23,10,Advanced-Hat2338,2025-12-18,working poor,LEVEL_2_STRUGGLING
Economy,1q00t6z,"Reuters: Trump‚Äôs funding cuts put America‚Äôs consumer watchdog on the brink of collapse | ""In interviews, consumers who had fallen on hard times or known difficulty, lawyers who work with the poor and credit counselors told Reuters the CFPB had been a lifeline for people facing hardship‚Ä¶""",,https://www.reddit.com/r/economy/comments/1q00t6z/reuters_trumps_funding_cuts_put_americas_consumer/,14,3,SocialDemocracies,2025-12-30,working poor,LEVEL_1_AWARE
Economy,1pg2jbd,"Republicans gave tax cuts for rich people while making it harder for the working poor to get health insurance, spiking tariff rates &amp; launching a nationwide crackdown on immigration. It's like they picked everything off the menu that makes the economy worse while also redistributing wealth upward",,https://www.reddit.com/r/economy/comments/1pg2jbd/republicans_gave_tax_cuts_for_rich_people_while/,7,1,Conscious-Quarter423,2025-12-06,working poor,LEVEL_2_STRUGGLING
Economy,1pjq9ub,The Parallel Rehypothecation Risks in Bitcoin ETFs and USDT Treasury Buying,"

Two Sides of the Same Synthetic Leverage Engine


‚∏ª

1. Executive Summary

Two different markets are now bound together through the same collateral plumbing:
	1.	spot Bitcoin ETFs used as high-quality collateral in prime brokerage funding chains, and
	2.	USDT stablecoins backed overwhelmingly by s",https://www.reddit.com/r/economy/comments/1pjq9ub/the_parallel_rehypothecation_risks_in_bitcoin/,3,2,DegenateMurseRN,2025-12-11,side hustle required,LEVEL_1_AWARE
Economy,1posq6u,Equity X-Ray: In-Depth Research #28,"**Company Overview: Revolutionary Technology Solving a Massive Problem**

One in two men between 51 and 60 suffers from benign prostatic hyperplasia.

For decades, they‚Äôve faced an impossible choice: live with worsening symptoms, take medications with serious side effects, or undergo surgery that of",https://www.reddit.com/r/economy/comments/1posq6u/equity_xray_indepth_research_28/,1,0,Market_Moves_by_GBC,2025-12-17,side hustle required,LEVEL_1_AWARE
Economy,1pq30ug,It's the Trump's economy now.,,https://www.reddit.com/r/economy/comments/1pq30ug/its_the_trumps_economy_now/,124,137,Conscious-Quarter423,2025-12-18,three jobs,LEVEL_1_AWARE
Economy,1pkzxgl,Trump calls affordability a ‚ÄòDemocrat scam‚Äô and ‚Äòcon job‚Äô‚Äîbut nearly three-quarters of his voters think cost of living is bad or the worst ever | Fortune,,https://www.reddit.com/r/economy/comments/1pkzxgl/trump_calls_affordability_a_democrat_scam_and_con/,92,2,SterlingVII,2025-12-12,three jobs,LEVEL_1_AWARE
Economy,1po8joq,"Jobs, jobs, where are the jobs, Mr. Trump?",,https://www.reddit.com/r/economy/comments/1po8joq/jobs_jobs_where_are_the_jobs_mr_trump/,69,4,wakeup2019,2025-12-16,three jobs,LEVEL_1_AWARE
Economy,1psc562,üöÄ Wall Street Radar: Stocks to Watch Next Week - vol 68,"# Time Is the Only Asset That Matters (The Rest Is Just Noise)

Let‚Äôs talk about what actually happened last week, because it was a mess until it wasn‚Äôt.

The S&amp;P 500 spent most of the week bleeding red. Investors kept rotating out of AI stocks and piling into cyclical plays. It was a continuati",https://www.reddit.com/r/economy/comments/1psc562/wall_street_radar_stocks_to_watch_next_week_vol_68/,1,0,Market_Moves_by_GBC,2025-12-21,three jobs,LEVEL_1_AWARE
Economy,1pl153j,Marketwatch article with real logic. Pasted because the link is behind a paywall.,"# Opinion:¬†Americans‚Äô affordability crisis isn‚Äôt tariffs‚Äô fault ‚Äî it‚Äôs something much, much deeper

# Costs for the ‚ÄòUnaffordability Five‚Äô ‚Äî housing, food, healthcare, child care and energy ‚Äî were rising long before Trump‚Äôs trade war

By¬†

Jeff Ferry

Last Updated:¬†Dec. 6, 2025 at 10:50‚ÄØa.m. ET  
Fi",https://www.reddit.com/r/economy/comments/1pl153j/marketwatch_article_with_real_logic_pasted/,0,18,dansantcpa,2025-12-12,three jobs,LEVEL_2_STRUGGLING
Economy,1pj23xp,$18 billion price tag for mandatory new schools; NYC won‚Äôt have free buses and daycare after all?,"https://preview.redd.it/hgj2b8p8ld6g1.jpg?width=800&amp;format=pjpg&amp;auto=webp&amp;s=bcbe5d3998722c39ff7bae98073a94ed36780013

***Photo above***¬†*- Millionaire candidate Zohran Mamdani rides the subway as a campaign stunt earlier this year. He just announced a subway fare increase, and he hasn't ",https://www.reddit.com/r/economy/comments/1pj23xp/18_billion_price_tag_for_mandatory_new_schools/,0,4,baltimore-aureole,2025-12-10,three jobs,LEVEL_1_AWARE
Economy,1pqznyg,How is US inflation calculated?,"Just ignore that people eat, use energy, medical services, transportation and housing. Yay!! Now you have low inflation.  Brilliant!",https://www.reddit.com/r/economy/comments/1pqznyg/how_is_us_inflation_calculated/,2,1,JoseLunaArts,2025-12-19,inflation eating paycheck,LEVEL_1_AWARE
Economy,1poz4v7,America is richer than ever. Why is it so unhappy?,"Ordinary Americans today enjoy a living standard that would have awed kings for most of human history.

We live in homes conditioned to our ideal temperature in any season; drive vehicles that pack the power of 250 horses into a 100-square-foot metal frame; carry six-ounce rectangles that offer inst",https://www.reddit.com/r/economy/comments/1poz4v7/america_is_richer_than_ever_why_is_it_so_unhappy/,0,15,vox,2025-12-17,inflation eating paycheck,LEVEL_1_AWARE
Economy,1py0099,The poorest 50% in China is richer than the poorest 50% in USA (adjusted by buying power),"Personal wealth = What you own - Your debts

There are at least 3 ways to measure wealth:

* Net worth.  How much you really have/own.
* Income
* Buying power.  How much you can buy.

This chart shows how much wealth each person has (net worth), not what the income is or how much each person is spen",https://www.reddit.com/r/economy/comments/1py0099/the_poorest_50_in_china_is_richer_than_the/,382,176,JoseLunaArts,2025-12-28,no savings,LEVEL_1_AWARE
Economy,1phlhfn,Can the US join the other developed countries and provide public health insurance to the people? It would save money and save lives.,,https://www.reddit.com/r/economy/comments/1phlhfn/can_the_us_join_the_other_developed_countries_and/,146,34,HVACguy1989,2025-12-08,no savings,LEVEL_1_AWARE
Economy,1po0l8o,"Ford writes off $20 billion EV venture. Vin-Fast, with $65 billion of investor money, fails completely.","https://preview.redd.it/s8tvr65n6k7g1.jpg?width=912&amp;format=pjpg&amp;auto=webp&amp;s=f6a61f966b98a7ce251e51e3eccfc0cdcc6c2c2e

***Photo Above***¬†*- the quaint Merry Oaks Baptist Church is being blamed for the failure of a $65 billion EV company. But the facts are more complicated, as usual. And t",https://www.reddit.com/r/economy/comments/1po0l8o/ford_writes_off_20_billion_ev_venture_vinfast/,1,1,baltimore-aureole,2025-12-16,no savings,LEVEL_1_AWARE
Economy,1pyl5hc,Constitutional Does Not Mean Fair: Why the Law on the Payout of Private Pensions Must Be Discussed Honestly,"The statement made by Daniel Armeanu, Vice President of the Financial Supervisory Authority (ASF), according to which ‚Äúvalidation by the Constitutional Court confirms not only the constitutionality but also the quality of this mechanism, appreciated even at the OECD level,‚Äù is deeply problematic. Th",https://www.reddit.com/r/economy/comments/1pyl5hc/constitutional_does_not_mean_fair_why_the_law_on/,0,5,AnalyticGG,2025-12-29,no savings,LEVEL_1_AWARE
